979.5122,71.9,3.6768,6.2618,135.2,271.05
976.5854,73.74,1.5915,0.8449,137.13,275.12
982.439,74.35,2.5427,-4.029,140.51,270.19
984,73.49,-0.7312,-9.0531,132.23,290.09
983.4146,73.76,-2.6341,-13.9017,125.44,302.51
982,72.86,-1.5938,-19.0234,124.94,295.1
975.6097,73.19,-0.3841,-23.9992,120.95,295.23
976.5854,67.29,1.3902,-29.0652,120.01,288.28
981,64.56,2.7562,-33.9668,118.3,286.05
978.5366,61.68,3.6037,-38.8685,115.46,286.57
986.3415,61.21,4.4817,-44.0293,111.9,286.72
,,,,,
1180.4878,72.39,6.2744,6.3792,136.66,264.95
1176.5853,74.28,5.3232,1.0808,140.66,264.24
1192.1951,75.16,3.3659,-3.8746,140.97,266.36
1167.8049,73.98,5.5061,-9.2088,141.21,268.27
1189.2683,73.29,1.1159,-13.9211,134.31,284.43
1177,72.63,0.6187,-18.8266,127.58,300.13
1176.5853,71.76,2.6159,-23.8971,128.2,285.84
1196.0975,67.67,3.1646,-28.8125,124.74,285.03
1183.4147,65.21,3.622,-34.3316,117.37,300.06
1185.3658,61.9,6.8049,-39.0587,120.55,280.2
1187.317,61.72,7.3171,-43.9173,117,284.44
,,,,,
1581.4634,72.05,10.9939,5.7416,145.53,251.85
1580.4878,73.06,10.2073,1.0785,146.72,253.62
1579.5122,74.71,9.5305,-3.9093,147.02,258.95
1584.3903,75.56,8.0854,-9.0629,144.65,263.97
1582.439,75.71,7.7744,-13.92,141.45,269.9
1579.5122,75.58,7.6463,-13.9779,141.06,270.02
1583,76.94,7.6687,-18.9961,139.09,272.32
1584.3903,76.65,8.7622,-24.0149,137.17,273.54
1576,72.62,9.6563,-28.9785,134.09,271.47
1581.4634,67.42,10.1524,-34.0248,127.87,276.55
1581.4634,63.4,11.4878,-38.9806,124.49,274.27
1583.4147,63.24,12.6585,-43.9375,121.75,269.41
,,,,,
1982.439,73.18,16.1341,5.4139,146.64,250.38
1975.6097,74.6,15.9695,1.0979,148.94,249.49
1985.3658,76.48,15.6951,-3.963,150.73,249.27
1982.439,76.65,14.2683,-8.9425,149.42,251.83
1980.4878,77.71,11.7256,-13.9531,147.59,257.79
1980.4878,77.52,10.7195,-18.9409,141.86,266.38
1975.6097,77.5,13.5,-24.0522,144.06,258.03
1984.3903,75.86,12.75,-28.9779,142.2,257.35
1975.6097,72.5,12.7866,-33.9676,137.03,262.52
1978.5366,68.9,13.7195,-38.9775,134.13,257.07
1978.5366,68.01,14.1585,-43.963,127.57,264.52
,,,,,
2386.3416,75.72,19.8293,5.4958,151.88,248.59
2374.634,76.23,18.6951,1.3502,153.11,245.59
2385.366,77.78,17.7622,-4.3769,155.9,249.59
2376.5854,78.3,16.3171,-9.3136,155.33,252.03
2377.561,78.51,15.9329,-13.7081,153.47,253.98
2378.5366,77.99,15.2561,-19.1986,153.45,253.44
2379.5122,77.47,16.0061,-24.2008,153.71,254.67
2383,76.95,16.0125,-28.8023,148.67,259.31
2388.2927,74.05,18.0366,-33.9985,146.73,256.33
2376.5854,68.93,18.311,-38.8902,144.14,256.54
2384.3901,68.41,20.7622,-44.2893,141.32,257.48
,,,,,
2784.3901,74.36,23.7622,5.609,156.43,253.75
2779,75.8,22.275,0.8805,158.29,255.15
2779,77.11,21.0562,-4.0555,158.82,257.07
2778.5366,77.43,19.5915,-8.9832,160.65,254.49
2778.5366,77.04,18.6768,-13.9417,159.47,255.02
2779.5122,77.24,19.6463,-18.9123,159.34,256.51
2779.5122,73.69,20.0305,-24.029,158.98,256.48
2779.5122,72.77,21.2378,-29.0553,160.43,256.05
2784,71.19,22.8,-34,159.61,251.89
2777.561,67.59,22.3537,-38.9707,157.97,254.99
2779,66.89,22.8563,-44.0527,155.4,256.24
,,,,,
3184.3901,83.52,22.3902,5.5293,164.96,255.77
3182,82.68,21.9937,1.1359,167.72,255.2
3178.5366,81.33,19.9573,-3.9329,170.95,252.4
3182.439,81.5,19.5183,-8.9768,169.17,255.52
3178.5366,81.08,17.9268,-13.9928,166.4,258.36
3181.4634,80.06,18.8049,-19.0267,167.27,258.52
3182.439,79.83,19.2439,-24.0221,166.46,258.04
3182.439,79.37,18.9695,-28.9569,164.15,259.78
3180.4878,74.53,19.6646,-34.0381,161.06,258.51
3179.5122,70.33,20.689,-38.9703,158.3,257.46
3181.4634,69.69,21.622,-44.0114,155.55,257.27
,,,,,
3581.4634,80.75,23.2317,5.4466,163.09,257.79
3576.5854,81.45,21.8049,1.1883,164.7,256.98
3576.5854,82.54,22.6829,-4.2104,168.78,255
3575.6099,82.99,21.439,-8.6486,169.02,255.67
3577,82.58,20.2875,-13.5891,169.58,260.08
3592.1951,82.28,20.2317,-19.3224,167.79,259.79
3587.3171,79.72,19.4817,-24.4379,169.08,258.61
3582.439,80.23,19.1707,-29.2828,165.41,264.93
3581.4634,77.94,20.5244,-34.2378,162.8,262.61
3576.5854,76.16,22.0793,-38.5114,160.2,263.13
3577.561,75.74,22.7195,-43.6349,155.97,266.03
,,,,,
3985.366,85.45,22.1159,5.5187,179.23,267.77
3982.439,86,21.4756,1.1711,181.13,266.73
3987,87.51,20.7938,-3.9066,182.67,269.46
3985.366,88.22,20.4512,-8.9367,183.46,270.81
3983.4146,87.52,18.1098,-14.0152,180.13,264.68
3981.4634,87.01,19.5366,-18.9371,180.48,273.76
3981,84.34,20.1187,-24.1266,177.39,275.87
3983.4146,84.65,19.9024,-28.944,172.52,282.13
3984.3901,81.39,20.6159,-33.9097,167.25,278.3
3981.4634,78.02,21.2744,-39.0301,160.58,280.06
3978.5366,77.63,22.1341,-43.846,154.73,284.78
,,,,,
4381.4634,84.08,24.3476,5.1757,178.75,271.3
4378.5366,84.89,23.7439,1.2077,180.84,270.7
4380.4878,88.26,21.1646,-3.9943,183.58,275.76
4378.5366,88.31,21,-8.9619,181.97,276.55
4382.439,87.64,21.5854,-14.0495,181.49,274.56
4376.5854,87.7,22.061,-18.9703,179.49,277.47
4380.4878,85.89,23.0488,-24.0903,176.6,276.52
4379.5122,84,24.0915,-28.971,172.91,276.26
4373.6587,80.16,23.6159,-34.0297,165.28,274.48
4381.4634,76.56,27.3659,-38.9646,160.43,274.51
4383.4146,76.11,28.372,-44.0846,152.34,279.03
,,,,,
4774.6343,87.44,23.7439,5.4299,178.08,301.26
4763.9023,88.31,24.0366,0.4181,180.16,296.15
4778.5366,90.25,24.7866,-3.771,182.28,294.21
4799.0244,90.25,22.3171,-9.3883,181.29,295.37
4784.3901,89.26,23.4695,-13.7748,180.61,292.8
4793.1709,87.65,24.4939,-19.197,178.44,291.04
4798.0488,86.14,25.4451,-24.1014,175.23,297.67
4796,84.02,25.0875,-29.1984,169.67,300.29
4774.6343,80.75,26.378,-33.774,166.93,293.37
4791.2197,76.96,29.2317,-38.9855,158.76,294.33
4782.439,76.5,32.122,-43.9596,151.71,301.65
,,,,,
5179.5122,93.62,21.1829,5.5415,178.03,312.29
5179.5122,94.58,20.6707,1.1509,180.06,311.91
5181.4634,94.75,19.939,-4.0655,179.1,313.15
5179.5122,94.42,20.4878,-8.8941,176.91,315.37
5183.4146,93.05,21.128,-14.0038,174.62,315.15
5178.5366,91.13,21.9329,-18.9367,170.77,314.79
5182.439,89.35,23.25,-23.9341,167.99,312.93
,,,,,
5582.439,92.74,20.8354,5.6319,172.55,330.47
5578.5366,92.59,20.872,1.1677,171.82,328.11
5578.5366,91.81,21.2744,-3.8155,170.14,328.33
5578.5366,90.52,21.75,-8.9028,166.93,327.58
,,,,,
5976.5854,91.91,22.6098,5.255,162.69,337.07
5961.9512,90.86,22.4451,1.1776,159.56,337.87
5974.6343,89.74,22.4817,-3.8216,154.98,337.69
5963.9023,86.72,22.1341,-9.0004,148.87,343.46
,,,,,
1000,22.04,33.75,6.0694,24.02,439.4
1000,21.64,33.75,1.0408,24.03,440
1000,21.22,36,-4.0316,23.82,441.69
997.0732,20.93,42.6768,-8.9642,23.6,444.9
999.0244,20.69,36.7317,-13.9341,24.03,446.5
,,,,,
1480,28.22,30.7683,5.9367,39.77,353.52
1480,27.79,30.75,0.9554,39.94,350.21
1480,27.75,31.5,-4.0187,39.92,350.78
1480,27.18,34.5,-8.9314,39.54,351.63
1480,26.76,37.5732,-14.2218,39.86,353.68
1480,26.44,45.3659,-18.8838,39.55,350.93
1480,26.28,47.8902,-24.0152,39.72,348.06
1480,26.46,47.7622,-29.0149,39.63,351.85
1480,27.99,46.5,-34.2473,39.98,354.29
1480,28.16,42.75,-33.8575,39.63,358.26
,,,,,
1981.4634,25.36,35.6524,5.5046,31.94,392.95
1981.4634,25.2,36,1.0095,32.26,387.45
1980.4878,24.94,36,1.0091,31.93,390.84
1983.4147,24.72,36,-4,31.54,392.99
1977.561,24.81,37.5,-8.9722,31.66,391.32
1979.5122,24.64,37.5,-13.9665,31.72,390.71
1980.4878,24.26,38.25,-18.9226,31.66,388.65
1982.439,23.88,41.25,-24.0393,31.6,384.55
1980.4878,24.07,44.25,-29.0088,32.01,378.94
1980.4878,24.86,49.4817,-33.9996,31.8,379.42
1979.5122,26.92,48,-39.0088,31.64,393.31
,,,,,
2985.366,32.71,34.2256,5.4055,47.66,341.26
2979.5122,32.91,34.2073,1.0316,47.57,340.76
2970.7317,33.03,36,-3.8952,47.56,340.57
2981.4634,33.03,36,-8.8963,47.61,340.23
2972.6829,32.74,36,-14.0217,47.72,340.23
2989.2683,32.57,36.75,-18.8533,47.5,338.78
2982.439,32.34,38.25,-23.8609,47.42,337.4
2984.3901,32.21,39,-29.2054,47.77,334.77
2972.6829,32.06,40.7561,-34.2283,47.88,331.68
2979,32.78,45,-39.0148,47.82,329.91
2975.6099,34.04,47.5793,-44.003,47.58,330.11
,,,,,
778.5366,21.98,32.6524,6.0065,22.38,446.62
774.6342,21.63,32.6341,5.9947,22.22,453.86
782.439,21.53,31.9207,1.0537,22.77,452.48
781.4634,21.03,31.8293,-3.9577,21.85,465.2
779.5122,20.34,31.8841,-8.9341,19.91,507.78
,,,,,
784.3903,25.97,26.6707,5.9756,31.85,391.26
774.6342,25.98,28.8841,1.0694,32.43,389.44
780.4878,25.88,31.1341,-3.9436,32.87,384.08
784.3903,25.38,34.189,-9.1307,33.36,381.37
781.4634,25.17,34.939,-14.0339,32.71,385.04
785.3658,24.34,34.9207,-19.0614,30.39,414.97
,,,,,
781.4634,31.01,23.6524,5.9802,43.3,348.12
784.3903,30.82,25.1341,1.0088,43.42,348.38
780.4878,30.66,26.6524,-4.0408,43.66,347.09
778.5366,30.03,28.4817,-8.9345,43.99,343.16
782.439,29.93,32.5061,-13.8941,44.22,338.38
786.3415,29.19,39.4939,-19.1014,45.08,333.19
787.3171,28.87,37.939,-23.9703,45.75,331.53
778.5366,29.6,37.8293,-28.9226,42,364.42
,,,,,
782.439,30.88,19.1524,5.9699,43.23,349.75
778.5366,30.7,21.4024,1.1349,43.74,346.98
780.4878,30.52,22.2439,-4.0118,44.09,344.87
780.4878,29.97,24.311,-8.9691,43.99,339.97
778.5366,29.87,27.4207,-13.9123,44.23,337.98
780.4878,29.33,31.9024,-18.9806,45.31,330.82
777.561,28.4,41.7622,-24.0069,42.83,347
,,,,,
784.3903,40.77,17.872,5.9604,66.43,302.37
779.5122,40.39,17.6341,1.0495,66.45,301.04
784.3903,40.8,20.2317,-4.0053,67.41,300.4
783.4146,40.48,21.7683,-9.1498,68.28,297.05
783.4146,40.63,23.122,-14.0004,68.82,293.64
773.6585,39.37,26.2134,-19.122,68.62,289.74
777.561,39,26.6341,-23.9356,70.38,286.16
790,39.39,26.0625,-28.9176,70.32,288.62
775.6097,39.39,26.0488,-33.9634,60.57,320.6
,,,,,
785.3658,40.53,15.128,5.9512,66.29,304.09
782.439,40.48,16.5549,5.9527,66.33,303.72
783.4146,40.53,18.9512,5.9646,66.45,302.49
784.3903,40.38,19.0976,1.1658,66.51,299.5
779.5122,40.39,17.6341,1.0495,66.45,301.04
780.4878,40.4,15.9695,1.1181,66.15,301.33
779.5122,40.53,16.6463,-3.9306,66.88,302.21
778.5366,40.46,18.2012,-4.1391,67.1,300.7
784.3903,40.46,20.4329,-3.8411,67.17,299.92
779.5122,40.57,20.4329,-3.8483,67.47,299.44
,,,,,
780.4878,50.11,11.872,5.9444,89.48,282.77
777.561,50.26,10.6463,0.9146,89.62,282.82
780.4878,50.2,10.1707,1.0785,89.2,283.75
789.2683,50.27,10.4268,-3.9447,89.04,284.16
780.4878,49.73,11.0305,-9.0137,88.9,284.15
779.5122,49.83,10.4817,-13.8636,87.21,284.98
773.6585,49.27,9.9146,-18.9992,87.88,286.5
778.5366,48.31,11.1768,-24.0061,88.27,284.71
781.4634,48.57,10.5,-29.0194,87.29,291.98
,,,,,
982.439,21.2,32.6159,6.0625,21.6,467.9
982.439,20.91,33.4207,1.0983,21.62,471.56
982.439,20.71,37.1707,-3.9897,21.5,472.26
980.4878,20.33,37.189,-8.8674,20.65,487.88
980.4878,19.64,37.9024,-14.0796,19.75,516.51
,,,,,
980.4878,25.85,28.2073,6.0419,32.42,385.59
981.4634,25.62,31.1159,1.0724,32.29,385.61
977.561,25.55,32.6524,-3.9893,32.64,382.2
979.5122,25.24,34.939,-9.0492,33.31,376.86
984.3903,24.48,40.1341,-13.9135,33.21,376.66
982.439,24.38,40.1341,-14.1193,32.79,381.17
975.6097,24.5,40.0976,-14,33.15,379.89
984,24.58,40.2375,-13.9836,33.2,379.59
980.4878,24.54,40.2256,-13.9264,33.23,378.72
981.4634,24.31,43.9207,-19.0362,31.29,399.35
981.4634,24.54,35.6341,-18.9695,32.66,385.49
983.4146,24.43,41.6159,-18.9966,32.94,383.33
979.5122,24.28,41.6707,-19.0595,32.39,385.32
981.4634,23.88,35.6341,-23.9962,30.61,415
,,,,,
987.3171,26.05,27.3476,5.9646,33.17,378.55
979.5122,25.85,28.8293,0.9779,33.35,381.74
982.439,25.7,33.6768,-3.9878,33.49,381.06
982.439,25.35,34.189,-8.9268,33.76,373.93
985.3658,25.56,25.9939,6.3674,32.91,379.98
984.3903,25.7,26.6524,6.388,33.25,380.68
984.3903,25.82,25.9756,5.9768,33.12,379.56
977,25.6,27.3937,0.7434,33.27,382.04
982.439,25.45,31.8476,-4.069,33.25,380.95
978.5366,25.08,33.4939,-9.0617,33.57,376.17
986.3415,24.37,38.0488,-13.8925,33.73,372.7
987.3171,23.99,41.0122,-19.0187,33.7,371.02
988.2927,23.28,44.7439,-24.0114,32.77,388.99
,,,,,
984.3903,30.45,24.4573,5.8864,43.76,341.8
982.439,30.27,25.9207,1.0518,43.69,340.79
983.4146,30.17,27.4573,-4.0168,44.3,341.45
976,29.75,28.05,-9.0512,44.88,333.48
981.4634,29.61,30.4024,-13.9211,46.29,330.04
983.4146,29.26,33.439,-18.9348,46.45,325.85
982.439,28.18,39.4207,-23.971,46.52,323.69
989.2683,28.87,47.7805,-29.0549,47.64,324.67
982.439,30.12,45.5854,-33.9691,41.22,360.92
,,,,,
980.4878,40.48,19.8841,5.8948,67.85,294.19
985.3658,40.29,21.4756,1.0793,67.62,294.01
985.3658,40.34,22.2256,-3.971,68.49,290.11
984.3903,39.7,22.2073,-8.9619,68.72,292.39
973.6585,38.66,24.3841,-14.0179,67.43,290.33
985.3658,39.09,27.4756,-18.9703,69.53,284.22
982.439,38.41,29.5793,-24.0316,70.96,282.72
976.5854,37.74,33.1646,-28.9809,70.63,279.06
977.561,39.5,37.0793,-33.9741,72.91,272.4
980.4878,40.72,38.9268,-38.9531,74.12,270.37
983.4146,41.65,42.8415,-44.0362,74.63,268.42
,,,,,
980.4878,50.22,13.5183,5.9703,92.02,272.37
985.3658,49.78,14.8171,5.9184,91.46,274
980,49.96,15.25,0.7541,92.12,273.2
976.5854,49.95,14.2317,-4.0964,91.71,273.84
978.5366,50.17,13.2439,-9.0918,91.45,274.1
979.5122,49.42,12.4756,-13.9794,89.98,276.54
978.5366,50.08,12.3841,-19.104,91.44,278.27
980.4878,49.28,13.3354,-23.8803,91.26,275.83
977.561,48.79,13.628,-28.9642,90.71,278.19
979.5122,48.86,16.8476,-33.9748,91.87,270.71
982.439,49.29,17.378,-38.936,92.87,270.63
980.4878,49.08,19.4085,-43.8624,95.17,264.42
,,,,,
985.3658,58.69,8.2134,5.9729,111.69,270.16
985.3658,59.2,7.7195,1.1033,112.45,270.29
982.439,59.61,7.7195,-3.936,112.19,270.64
981.4634,59.61,7.2073,-8.9642,110.8,272.08
985.3658,59.13,5.9634,-13.9798,107.77,279.52
979.5122,59.44,6.2195,-19.069,106.83,280.83
979.5122,59.15,5.7805,-24.0655,107.13,282.69
981.4634,58.28,6.2378,-28.9036,106.69,281.71
977.561,57.8,6.9329,-33.9329,108.27,280.18
977.561,56.37,8.4512,-39.0911,108.72,276.56
982.439,55.86,7.8841,-44.1204,107.55,279.81
,,,,,
1173.6586,20.69,35.2683,5.979,21.99,458.35
1179.5122,20.24,34.5732,0.9055,21.94,462.73
1189.2683,20.03,38.7073,-3.8678,21.51,469.11
1176.5853,19.54,43.4268,-9.1597,21.61,476.47
1191.2195,18.84,45.5671,-13.9047,20.49,497.58
1178.5366,18.42,45.4939,-19.1646,18.66,563.16
,,,,,
1161.9512,25.82,30.0366,5.9897,33.33,378.39
1182.439,25.5,33.4207,1.1021,33.1,379.68
1192.1951,25.37,33.6037,-3.8765,32.89,380.09
1195.1219,25.04,38.5976,-8.8693,33.04,379.44
1184.3903,24.26,39.4573,-14.0358,33.15,378.03
1194.1464,23.86,44.8902,-18.9623,32.95,380.2
1180.4878,23.53,44.6341,-23.9829,29.92,415.3
1175.6097,23.66,44.5427,-29.0701,27.63,455.15
,,,,,
1180.4878,30.31,25.6646,5.9825,45.03,339.58
1196,30.13,27.8438,1.123,44.88,338.52
1169.7561,29.98,28.4085,-4.061,45.15,338.53
1183.4147,29.65,28.5,-9.1208,45.27,335.85
1190.2439,28.98,31.7378,-13.8449,45.11,334.91
1196.0975,28.54,36.6951,-19.3365,45.69,332.55
1173.6586,28.08,44.8537,-23.9466,46.1,327.06
1170,27.94,44.775,-28.832,45.4,329.25
1186.3414,29.44,45.0183,-33.854,43.55,341.68
1178.5366,30.91,43.7927,-39.0313,40.16,369.17
1180.4878,33.56,41.7073,-44.0301,41.5,372.63
,,,,,
1192.1951,40.06,21.9512,6.0084,69.03,295.95
1189.2683,39.5,21.9695,1.0111,67.67,294.29
1182.439,39.64,23.25,-3.8895,68.2,293.91
1160.9756,39.37,23.4695,-8.9718,68.89,294.68
1182.439,38.91,24.3293,-14.0583,69.79,291.62
1198.0488,38.53,27.6585,-18.9337,69.57,288.1
1175.6097,38.26,31.4085,-23.955,71.06,285.82
1178.5366,37.63,36.6951,-28.8708,70.84,280.56
1181.4634,39.15,38.0305,-33.9733,73.27,275.52
1185.3658,40.68,37.2439,-39.0267,74.08,274.96
1178.5366,41.06,44.0305,-43.9143,73.91,271.54
,,,,,
1183.4147,49.36,19.7012,5.9836,92.5,270.49
1186.3414,49.52,17.689,1.0332,93.05,270.65
1167.8049,49.47,16.7195,-3.9059,92.29,272.42
1185.3658,49.24,17.0671,-9.0652,92.1,272.45
1197.0731,48.54,14.5976,-14.1105,91.36,274.35
1186.3414,48.12,15.9878,-18.8079,90.45,274.45
1177.561,48.28,16.1341,-23.6822,90.95,275.86
1176.5853,48.95,14.8171,-19.0309,91.93,277.7
1190.2439,48.26,17.7073,-24.0873,91.83,274.34
1193.1708,47.52,18.9878,-29.1067,90.45,275.08
1172.683,48.45,20.872,-33.9615,92.58,272.49
1181.4634,49,21.6037,-39.0267,94.45,269.16
1192.1951,48.62,22.372,-43.8849,92.76,270.71
,,,,,
1179.5122,59.63,13.811,5.8369,116.5,256.82
1180.4878,59.35,11.9817,0.9703,114.59,258.74
1179.5122,59.8,12.0732,-4.0918,115.14,259.72
1181.4634,59.77,10.4817,-8.8281,113.61,263.4
1181.4634,59.09,9.8963,-14.1094,111.34,266.61
1176.5853,59.05,8.6707,-19.0255,109.79,272.44
,,,,,
1597.0731,19.92,35.9451,5.9668,20.97,480.38
1597.0731,19.88,38.9451,0.9931,21.13,477.78
1597.0731,19.64,39.6951,-4.0309,20.9,482.85
1596.0975,19.35,47.1768,-9.0271,20.36,491.2
1596.0975,19.25,47.1768,-13.9771,20.59,487.75
1596.0975,19.04,47.1768,-18.9931,18.63,542.33
,,,,,
1578.5366,24.98,33.311,5.9287,32.84,379.6
1578.5366,24.87,33.3476,1.0469,32.87,381.54
1581.4634,25,36.0732,-3.9768,32.93,383.51
1581.4634,24.43,40.9024,-8.9867,31.75,389.61
1580,24.53,44.625,-14.0277,32.79,381.09
1582.439,24.38,46.9207,-18.9634,32.09,386.17
1578.5366,24.24,51.3476,-23.9642,32.5,388.07
1581.4634,24.78,51.4024,-28.9947,32.15,395.86
1581.4634,25.59,49.1524,-33.9924,29.67,419.61
1580.4878,26.79,48.3841,-38.9649,28.23,440.73
,,,,,
1580.4878,29.73,30.3841,5.9604,44.09,337.84
1579.5122,29.52,31.8659,0.9935,44.11,337.57
1581.4634,30.2,31.9024,-3.9958,45.28,336.14
1582.439,29.52,35.6707,-8.971,43.85,339.64
1582.439,29.24,39.4207,-13.995,44.02,335.29
1578.5366,29.65,44.5976,-18.9596,45.79,329.13
1580.4878,29.1,47.6341,-23.9417,46.19,327.46
1580.4878,29.36,45.3841,-29.0335,45.52,330.74
1580.4878,30.11,51.4939,-34.0274,45.01,330.89
1590.2439,32.05,51.4207,-39.037,46.34,326.45
1583.4147,33.45,51.439,-44.0495,46.75,328.35
,,,,,
1580.4878,40.23,25.1341,6.0271,70.22,289.05
1580.4878,39.65,25.1341,5.9893,69.25,290.58
1579.5122,39.54,27.5671,1.1242,69.2,289.87
1578.5366,39.89,25.8476,-3.9947,69.4,289.14
1581.4634,39.85,28.9024,-8.9813,69.69,287.87
1581.4634,39.78,30.4024,-14.0255,69.93,286.42
1579.5122,39.49,36.7683,-18.963,69.67,285.52
1579.5122,39.38,37.0976,-23.976,71.03,281.74
1579.5122,38.89,40.811,-28.9992,70.32,280.45
1578.5366,40.14,36.9695,-34.0118,71.74,279.76
1578.5366,41.3,40.4085,-39.0217,74.8,271.85
1578.5366,41.78,44.0305,-43.9493,74.32,267.21
,,,,,
1581.4634,49.53,23.6524,5.9474,94.03,267.1
1580.4878,49.61,24.4573,1.04,94.29,266.62
1579.5122,49.64,22.9024,-3.9554,93.61,268.93
1576.5853,49.7,22.5183,-8.9508,93.79,268.36
1580.4878,49.39,22.1524,-13.9771,93.29,268.32
1585.3658,49.37,22.0793,-18.9314,93.24,268.62
1584.3903,49.5,22.9024,-23.9821,92.77,272.61
1578.5366,49.23,22.3902,-28.9737,91.86,273.68
1582.439,49.26,24.0183,-33.9733,92.59,270.26
1581.4634,49.56,23.7622,-38.9874,93.57,269.34
1579.5122,49.84,24.5305,-43.9851,93.76,268.42
,,,,,
1578.5366,58.22,17.9634,6.271,117.75,256.52
1578.5366,58.65,17.4146,1.1079,117.27,257.48
1584.3903,59.41,16.8659,-3.9722,117.52,258.03
1586.3414,59.41,16.0244,-8.9813,115.71,262.2
1581.4634,59.34,16.1341,-9.0053,115.49,262.14
1584.3903,59.39,15.0915,-13.9627,115.02,263.67
1580.4878,59.51,14.7439,-19.0473,112.72,267.43
1580.4878,59.73,15.1098,-23.9695,112.14,270.01
1580.4878,58.91,16.2439,-28.971,110.35,270.5
1580.4878,58.17,16.5915,-33.9604,111.68,268.07
1580.4878,57.5,15.878,-38.9825,111.34,270.18
,,,,,
1997,20.14,40.4437,5.5707,20.31,499.05
1997.0731,20.02,42,1.0663,19.99,506.38
2000,20,42,-3.9691,19.79,510.8
1997.0731,19.72,42,-9.0225,20.04,503.47
1997.0731,19.27,41.25,-14.005,20.17,498.98
1999.0244,19.21,45,-19.0309,20.15,498.86
1999.0244,19.41,45,-24.0042,21.32,475.04
1993.1708,19.87,48,-28.939,20.6,488.42
,,,,,
1983.4147,25.48,34.939,4.9973,32.87,382.28
1979.5122,25.16,34.5,0.8232,32.49,384.19
1979.5122,25.41,38.25,-4.0804,32.85,381.67
1983.4147,25.26,34.5,-8.9604,33.01,379.33
1983.4147,24.7,36,-13.984,32.59,381.43
1981.4634,24.8,40.5,-18.96,33.61,372.96
1984.3903,24.36,40.5,-24.0488,33.05,375.7
1987,24.86,42.7313,-28.941,33.98,370.66
1981.4634,25.68,48,-34.0046,34.06,365.96
1986.3414,26.89,53.25,-38.9909,32.93,378.36
1984.3903,28.85,54.1463,-44.0827,31.39,398.79
,,,,,
1980.4878,30.51,31.1341,5.9444,44.15,336
1980.4878,30.39,31.5,1.037,44.47,338.77
1981.4634,30.78,31.9024,-3.9931,45.43,332.99
1980.4878,30.05,32.3963,-8.9748,44.11,340.21
1983.4147,30.22,32.25,-13.9817,44.94,335.99
1983.4147,29.89,34.4634,-18.915,45.06,330.78
1981.4634,29.75,35.25,-23.9798,45.31,326.91
1984.3903,29.95,38.9268,-29.0232,46.21,321.89
1983.4147,30.94,42.1463,-33.9798,47,318.52
1984.3903,32.25,46.9573,-39.0122,48.28,316.04
1979.5122,33.31,52.8659,-43.9524,47.62,316.06
,,,,,
1976.5853,40.73,27.311,5.9474,69.59,289.53
1982.439,40.66,26.6707,1.0777,69.48,289.53
1998.0488,40.76,26.9634,-4.0431,69.41,292.71
1975.6097,40.79,28.0427,-8.9741,69.78,289.81
1984.3903,40.42,28.2073,-13.9779,69.54,288.02
1981.4634,40.08,28.2439,-19.0396,69.78,284.66
1998.0488,39.85,30.7134,-23.947,70.83,283.27
1984.3903,39.58,32.7073,-29.0377,71.27,279.49
1979.5122,40.21,34.2073,-33.9737,72.65,276.85
1981.4634,40.84,35.8537,-38.9364,73.28,274.2
1984.3903,41.82,40.5915,-43.8906,73.81,269.67
,,,,,
1981.4634,51.06,24.4024,5.9154,95.14,265.52
1979.5122,50.93,25.1159,1.0507,95.18,264.64
1982.439,50.59,25.1707,-3.9832,93.85,264.04
1999.0244,50.66,25.4085,-8.9181,94.96,265.5
1985.3658,50.52,25.2256,-14.0381,94.56,266.06
1979.5122,50.01,25.7195,-18.9642,94.31,263.91
1982.439,49.73,24.8598,-23.9707,94.81,261.12
1986.3414,49.43,23.872,-28.936,95.7,261.32
1996.0975,49.27,25.9207,-34.0255,95.92,259.51
1986.3414,49.45,28.3171,-38.9619,97.08,257.36
1981.4634,49.96,27.6037,-43.9775,97.31,259.38
1996.0975,49.27,25.9207,-34.0255,95.92,259.51
,,,,,
1978.5366,61.59,23.872,5.5042,120.6,250.21
1982,60.61,22.125,0.8559,119.45,250.56
1978.5366,60.84,20.9817,-3.952,118.35,253.63
1977.561,60.98,20.2683,-9.0442,118.44,253.94
1980.4878,60.9,19.3171,-14.0149,118.02,256.19
1977.561,60.84,17.9268,-18.9569,117.95,257.92
1980.4878,59.84,18.6402,-23.9367,116.79,256.6
1979.5122,59.72,17.1768,-29.0168,116.27,260.51
1983.4147,59.37,18.0915,-33.8922,118.19,257.55
1977.561,58.67,18.3659,-38.8849,117.6,257.43
1983,58.18,18.5438,-44.0859,117.44,258.53
,,,,,
2368.7805,19.89,49.6646,5.9726,18.46,541.09
2385.366,19.76,49.5,0.9295,18.08,556.08
2372.6829,19.7,49.5,-4.1292,17.77,567.91
2362.9268,19.74,49.5,-9.1825,18.31,561.71
2392.1951,19.38,49.5,-14.1757,16.46,616.17
,,,,,
2383.4146,25.23,41.25,5.5309,31.13,401.29
2368.7805,24.92,43.5,1.0171,31.11,405.48
2367.8049,24.85,45,-3.9356,30.76,407.7
2378.5366,24.65,48.75,-9.0617,30.73,414.58
2388.2927,24.77,48,-13.9104,30.31,415.1
2364.8779,24.69,48,-19.0499,30.9,410.55
2385.366,24.57,48,-23.9909,31.42,398.11
2380.4878,24.53,48,-28.9005,32.68,384.35
2368.7805,24.81,48,-34.0793,32.83,385.29
2382.439,26.04,47.6707,-38.9139,33.27,383.66
2391.2195,27.63,56.0854,-44.0869,32.65,382.11
,,,,,
2396.0977,30.21,37.4268,5.5419,43.31,349.53
2380.4878,30.17,35.6341,1.1288,43.08,353.8
2373.6584,29.74,44.5061,-3.9733,41.98,354.02
2388.2927,29.74,44.7805,-8.7759,42,354.51
2379.5122,29.5,44.6159,-13.9173,42.38,356.73
2373.6584,29.38,44.5061,-18.9425,42.63,353.18
2391.2195,29.41,42.5854,-23.9196,43.35,346.02
2379.5122,29.29,43.1159,-28.8075,44.01,338.81
2391.2195,29.78,44.7439,-34.0465,45.46,332.07
2388.2927,31.04,46.3537,-39.1246,46.8,325.45
2382.439,32.63,48.2744,-43.9215,46.69,325.67
,,,,,
2384.3901,40.02,32.4878,5.4646,67.45,293
2368.7805,40.17,31.7378,0.9874,67.63,295.08
2389.2683,40.12,32.0488,-4.0812,67.68,295.48
2395.1221,39.83,34.4085,-9.2374,68.22,297.95
2393.1707,39.6,34.372,-14.0427,67.8,298.33
2380.4878,39.64,34.1341,-19.0171,67.95,294.85
2387.3171,39.49,34.2622,-24.1833,68.18,293.34
2386.3416,39.47,35.7439,-28.9829,69.79,286.52
2368.7805,39.4,34.6646,-34.1966,70.5,283.08
2365.8538,39.87,34.6098,-39.024,70.32,281.32
2373.6584,41.31,37.9207,-44.1627,71.6,278.02
,,,,,
2392.1951,50.16,29.1037,5.5213,92.74,269.41
2367.8049,50.04,28.4451,1.0065,92.19,269.68
2364.8779,49.91,28.5915,-4.0038,92.18,269.2
2389.2683,49.68,29.5976,-9.0412,92.29,269.98
2375.6099,49.71,29.6524,-13.9428,92.84,270.61
2392.1951,49.39,30.1829,-19.0164,91.83,270.69
2385.366,49.42,27.7134,-24.0324,92.05,270.11
2388.2927,49.15,29.7988,-28.8518,93.97,268.36
2372.6829,48.72,27.4939,-34.1806,94.27,263.59
2386.3416,48.94,29.9634,-39.2001,94.63,263.39
2372.6829,50.23,29.0854,-43.9306,95.1,262.16
,,,,,
2374.634,50.16,28.9024,5.5297,92.37,272.06
2393.1707,50.44,28.372,1.0206,92.93,272.02
2389.2683,50.34,29.0488,-3.9032,93.04,271.32
2381.4634,50.11,28.9573,-8.9859,93.09,271.57
2372.6829,50.08,28.939,-13.8491,93.4,270.83
2385.366,49.8,28.9756,-19.0709,92.97,271.46
2386.3416,49.48,25.9939,-24.0461,91.88,273.65
2376.5854,49.36,24.7317,-29.0888,93.56,271.15
2389.2683,49.13,27.6037,-34.0777,94.4,267.99
2369.7561,49.58,27.1829,-38.9966,94.47,267.83
2375.6099,50.87,26.2317,-44.2229,94.96,268.02
,,,,,
2379.5122,60.61,25.5549,5.6239,119.02,256.46
2378.5366,60.58,24.3476,1.003,118.4,257.28
2394.1462,60.8,23.6159,-3.987,119.32,255.78
2371.7073,60.61,22.9024,-8.8761,117.83,257.06
2372.6829,60.44,21.7317,-13.8152,116.87,259.32
2389.2683,59.98,21.7866,-18.7348,115.03,261.02
2372.6829,60.34,21.9146,-23.9943,115.18,263.16
2385.366,59.64,22.4451,-28.7207,115.84,261.99
2384.3901,58.49,21.3841,-34.0777,115.07,262.53
2384.3901,58.37,20.7988,-38.6757,114.9,262
2384.3901,59.15,21.1463,-44.0591,115.25,264.89
,,,,,
2779.5122,20.39,45.75,5.7127,18.11,557.78
2781.4634,20.48,47.25,1.0366,18.15,554.37
2780.4878,20.64,48,-3.9817,18.27,555.35
2781.4634,20.62,48,-9.0171,18.67,546.06
2775.6099,20.55,48,-13.9531,18.9,538.75
2778.5366,20.62,49.5,-18.9501,19.53,522.21
2780.4878,20.84,49.5,-23.9554,19.92,512.58
2778.5366,21.17,49.5,-28.9737,20.38,508.48
2781.4634,21.95,54.75,-33.9451,18.84,547.04
2779.5122,23.22,54.75,-38.995,15.23,676.17
,,,,,
2779.5122,25.54,40.5,5.6604,30.18,416.5
2780,25.64,42,1.0531,30.01,416.72
2781.4634,25.73,42,-3.9954,30.06,417.94
2778.5366,25.8,42,-8.9649,30.04,416.08
2779.5122,25.84,42,-13.9707,30.75,411.56
2776.5854,25.92,42,-19.013,30.97,408.34
2780.4878,26.06,42,-23.9284,30.92,408.11
2775.6099,26.23,44.25,-28.976,31.53,402.88
2780.4878,26.69,55.5,-33.9844,31.53,399.98
2780.4878,26.89,45,-34.0553,31.72,402
2781.4634,27.93,45,-39.0701,29.99,429.75
2779.5122,29.76,45,-44.0465,24.28,518.15
,,,,,
2781.4634,25.54,39.75,5.6155,30,416.46
2781.4634,25.61,36,1.0842,29.89,423.98
2781.4634,25.7,45,-3.9878,29.86,414.75
2778.5366,25.77,39.0183,-8.9169,29.9,415.49
2779.5122,25.66,42.75,-13.952,30.87,406.23
2782.439,25.71,41.25,-19.0621,31.08,404.27
2785.366,25.89,41.25,-23.9935,31.33,404.08
2777.561,25.95,44.25,-28.9897,31.18,400.27
2779.5122,26.29,49.5,-34.003,31.39,399.34
2777.561,27.17,57.75,-38.9165,29.43,418.29
2779.5122,29.54,57.75,-43.992,27.43,455.79
,,,,,
2778.5366,31.03,36,5.6273,43.72,349.5
2780,31.08,36.3937,1.0457,43.51,350.61
2778.5366,31.26,37.8476,-4.0027,43.61,350.54
2779.5122,31.3,37.8659,-9.0053,43.74,349.94
2780.4878,31.17,37.8841,-13.9848,43.72,348.78
2782.439,31.23,37.9024,-18.9653,43.92,347.92
2781.4634,31.37,38.6524,-23.9657,43.92,346.65
2777.561,31.24,40.8293,-28.9928,43.99,344.92
2782.439,31.46,44.6707,-34.0011,43.69,346.8
2776.5854,32.24,43.811,-39.0137,41.01,365
2783.4146,35.11,43.189,-44.0553,42.36,367.96
,,,,,
2778.5366,41.1,32.5976,5.7115,68.48,297.1
2778.5366,41.08,33.3476,1.0434,68.53,296.35
2778.5366,41.16,33.3476,-3.9413,68.64,296.47
2779.5122,41.18,33.3659,-8.9158,68.65,296.42
2778.5366,40.89,33.6768,-13.9261,68.56,296.01
2781.4634,40.81,34.0427,-19.0408,68.23,295.21
2778.5366,40.41,34.0976,-24.0099,66.85,298.09
2778.5366,40.35,35.5976,-28.944,67.45,294.73
2780.4878,40.65,38.6341,-34.056,69.26,291.71
2779.5122,41.56,41.5976,-38.9962,70.89,287.44
2781.4634,42.43,44.5976,-43.9966,69.55,287.65
,,,,,
2778.5366,50.94,30.3476,5.6334,92.84,271.56
2779.5122,51.1,30.3659,1.0667,93.31,270.98
2780.4878,51.28,30.3841,-3.9752,93.55,270.67
2778.5366,51.24,30.3476,-8.9977,93.61,270.25
2779.5122,50.92,31.1341,-13.9444,93.39,269.87
2781.4634,50.56,31.1341,-19.0137,93.2,270.93
2780.4878,50.41,31.1341,-24.016,93,271.24
2777.561,50.45,32.5061,-29.0027,95.17,267.86
2780.4878,49.33,34.6829,-33.9775,93.68,266.12
2776.5854,49.45,35.8354,-38.9737,94.55,265.04
2778.5366,50.76,37.2622,-43.9962,96.2,263.49
,,,,,
2779.5122,61.23,28.1159,5.604,119.04,255.17
2779.5122,61.16,28.0793,1.1056,118.81,254.53
2779.5122,60.77,28.1159,-3.8689,118.88,255.76
2782.439,60.88,27.9512,-8.9322,119.18,256.11
2777,60.4,25.9312,-13.9953,117.94,256.78
2779.5122,59.92,27.1098,-19.0434,116.86,258.16
2775.6099,60.15,26.6707,-24.0038,118.09,257.83
2778.5366,59.13,27.3476,-29.1166,117.67,256.71
2782.439,58.42,28.2805,-33.9756,119.63,254.49
2783.4146,57.68,30.6585,-39.0091,120.64,253.78
2779.5122,57.8,30.1646,-44.0697,119.16,254.14
,,,,,
3183.4146,19.74,42.439,5.6033,17.22,594.96
3181.4634,19.63,42.75,1.0309,17.13,600.63
3181.4634,19.64,42.75,-3.9756,16.26,625.76
3178.5366,19.56,45,-8.9665,16.19,623.44
3178.5366,19.51,45,-13.9867,16.17,622.02
3180.4878,19.53,45,-18.9318,16.55,615.28
3179.5122,19.66,45,-24.0575,16.73,608.06
3182.439,20.03,45,-28.9188,16.77,602.49
3176.5854,20.79,45,-33.9905,16.33,618.56
,,,,,
3182.9509,25.33,39.4426,5.54,29.33,428.57
3177.561,25.25,39.75,0.7553,29.1,431.08
3180.4878,25.42,39.75,-4.2546,29.34,431.78
3175.6099,25.03,40.5,-9.0777,28.81,432.62
3179.5122,25.35,42,-13.9996,29.56,426.53
3179.5122,25.22,42.75,-18.9676,29.65,421.32
3174.634,25.29,43.5,-23.9962,29.91,419.61
3182.439,25.69,43.5,-28.9844,30.63,412.51
3181.4634,26.27,46.5,-33.9219,30.84,406.98
3181.4634,27.01,46.5,-38.9291,31.3,403.33
3173.6584,27.86,46.5,-43.9394,30.08,416.02
,,,,,
3180.4878,30.32,35.5793,5.5579,41.27,365.75
3180.4878,30.06,34.8293,1.0152,41.45,366.46
3183.4146,30.07,35.4695,-3.9451,41.12,366.82
3176.5854,30.34,36.75,-8.9524,41.29,367.09
3182.439,30.25,38.2134,-13.9912,41.63,359.91
3179.5122,30.13,36.8963,-13.9585,41.87,363.46
3180.4878,30.16,39.0915,-18.9813,41.8,359.88
3180.4878,30.12,39.878,-23.9478,42.54,354.68
3176.5854,30.15,39.8963,-29.0522,43.07,351.79
3181.4634,30.42,42,-34.021,42.98,348.04
3178.5366,31.48,44.9634,-38.9444,43.81,344.78
3179.5122,32.03,44.6524,-43.763,43.75,345.05
,,,,,
3178.5366,40.29,33,5.572,66.21,303.9
3181,40.2,34.5375,1.1465,66.32,303.32
3178.5366,40.4,33.0366,-4.0663,66.48,304.26
3183.4146,40.28,33,-8.891,66.5,303.83
3182.439,40.02,34.0976,-13.984,66.62,304.22
3178.5366,39.55,34.5,-18.944,66.4,302.12
3179.5122,39.3,34.4085,-24.0591,66.19,301.4
3178.5366,39.63,37.4451,-29.0133,67.64,298.08
3179.5122,39.34,37.4268,-34.024,66.8,297.6
3178.5366,40.24,39.622,-39.0069,69.37,292.18
3179.5122,40.34,41.8171,-43.9668,69.37,290.82
,,,,,
3179.5122,49.81,30.6402,5.487,90.2,276.53
3182.439,49.79,29.8537,1.1136,90.59,277.74
3178.5366,50.27,29.25,-3.9546,91.58,278.13
3180.4878,50.17,29.25,-8.9234,91.4,276.2
3178.5366,49.84,30.6768,-13.984,91.78,275.95
3183,49.32,30.7875,-18.9484,91.11,275.12
3176.5854,48.87,32.2317,-23.9497,91.28,274.51
3180.4878,48.97,32.9085,-29.0564,92.41,272.04
3178,48.82,34.4625,-33.9289,93.81,269.45
3180.4878,48.14,34.5183,-38.9535,93.89,267.83
3177.561,48.03,33.439,-44.0164,94.17,268.25
,,,,,
3179.5122,60.44,27.3659,5.4466,117.89,258.2
3180.4878,60.01,27.622,1.0983,117.22,258.9
3184.3901,60.01,27.6402,1.1094,116.98,258.53
3181.4634,60.29,28.1707,-4.0221,117.67,259.2
3182.439,60.23,28.1341,-9.0171,117.77,258.82
3175.6099,59.96,28.4085,-14.0103,117.55,259.62
3177.561,59.22,27.8963,-19.0366,116.59,259.4
3174.634,58.68,27.5305,-24.0118,115.81,260.3
3179.5122,58.49,27.8963,-28.9543,116.38,259.01
3182.439,57.9,28.1524,-33.9425,117.05,258.72
3180.9524,56.89,28.7321,-38.9144,116.62,258.97
3173.6584,56.33,28.5183,-44.0221,117.44,258.16
,,,,,
3580.4878,19.96,43.9939,5.4733,15,679.32
3579.5122,19.89,44.25,1.1402,15.25,669.61
3582.439,19.96,44.25,-3.976,15.42,669.9
3581.4634,19.78,44.25,-8.8803,15,681.23
3581.4634,19.52,45,-13.8175,14.81,691.89
3579,19.27,45,-18.898,14.05,719.55
3577.561,19.24,45,-24.1349,14.31,712.29
3573.6584,19.39,45,-29.1993,14.3,710.05
,,,,,
3578.5366,25.41,38.25,5.4924,27.07,462.97
3573.6584,25.22,38.3049,1.1715,26.98,469.74
3579,25.28,39,1.1707,26.61,468.89
3578.5366,25.32,39.75,-4.2428,26.75,469.3
3585,25.34,39.7687,-8.8844,27.06,468.99
3579.5122,25.14,41.25,-14.1143,27.06,468.6
3576.5854,25.04,43.5,-18.9722,27.2,465.92
3574.634,25.01,43.5,-18.8022,27.16,465.44
3582.439,24.97,43.5,-24.0617,27.5,463.93
3585.366,24.97,43.5,-23.7127,27.09,463.07
3581.4634,24.78,43.5,-29.2675,27.44,460.72
3573.6584,24.91,45,-34.2344,27.46,458.61
3582.439,25.43,45,-39.1353,27.97,455.31
3581.4634,25.44,45,-39.1307,27.73,457.06
3580.4878,25.79,45,-44.157,26.85,471.68
,,,,,
3581.9048,31.05,36.75,5.5082,39.98,381.2
3584.3901,30.82,37.9207,0.9989,40.17,382.37
3579.5122,30.83,37.9756,1.0492,40.03,381.89
3589.2683,30.86,37.9939,-3.6864,39.94,382.45
3575.6099,30.71,38.0854,-9.1551,39.96,384.28
3580.4878,30.69,38.122,-9.1395,39.95,383.61
3583.4146,30.41,39.75,-14.0777,40.03,383.11
3574.634,30.21,39.8415,-18.8834,39.9,382.21
3584.3901,30.29,39.7683,-19.3849,40.37,383.15
3577,30.18,39.8812,-24.143,40.3,380.03
3585.366,30.14,40.1341,-29.0854,40.76,376.17
3573.6584,30.2,40.061,-34.1601,41.5,373.28
3583.4146,30.06,43.0793,-38.9245,41.48,369.69
3580.4878,30.07,45.4024,-44.1669,41.29,368.84
,,,,,
3581,41.03,32.25,5.4117,63.57,315.12
3576.5854,41.07,33.75,0.8803,64.37,313.22
3586.3416,41.14,33.75,-4.0492,64.39,314.38
3575.6099,41.2,33.7134,-3.822,64.81,312.38
3578.5366,41.1,33.75,-8.838,65.19,312.75
3577.561,40.74,33.75,-14.0293,65.16,312.45
3576.5854,40.45,33.7683,-19.3914,64.77,314.48
3584.3901,40.4,33.7683,-19.3232,63.99,314.45
3581.4634,40.88,34.5,-24.0732,65.47,311.44
3585.366,40.68,35.25,-28.8163,65.26,309.4
3576.5854,40.08,37.6829,-34.165,65.23,308.3
3578.5366,40.62,37.5,-39.0412,67.38,303.72
3582.439,40,37.7744,-38.8899,65.78,306.4
3590.2439,39.73,38.2317,-44.2245,66.17,306.74
,,,,,
3583.4146,51.79,31.3171,5.3982,88.55,282.26
3580.4878,51.73,30.6402,1.0842,88.88,282.6
3576.5854,51.84,30.7317,-4.2546,89.6,283.6
3580.4878,52.04,30.75,-8.505,90.19,281.16
3583.4146,50.98,30.6768,-13.6128,88.67,282.81
3583.4146,51.29,32.0671,-19.2698,89.64,282.12
3581.4634,51.32,32.2317,-24.2001,89.96,282.26
3578.5366,51.28,32.25,-24.2569,89.87,282.55
3577.561,51.22,32.1037,-28.734,90.35,279.09
3578.5366,50.52,32.2683,-34.149,90.48,280.2
3580.4878,49.47,30.6585,-39.0743,89.48,281.31
3588.2927,48.49,30.1646,-43.6399,89.13,282.13
,,,,,
3579.5122,62.36,29.7622,5.4569,113.6,265
3587.3171,62.63,29.378,0.9554,114.9,264.83
3574.634,62.42,29.7439,-3.8643,114.29,264.14
3584.3901,62.54,29.8537,-9.1486,115,264.28
3585.366,62.79,29.7256,-9.0358,116.56,263.63
3578.5366,62.06,29.7805,-14.0823,114.4,264.2
3570.7317,61.73,29.4878,-19.008,114.58,264.86
3588,61.35,28.0125,-23.9344,112.89,265.75
3579.5122,61.27,28.5366,-29.0362,114.23,265.34
3580.4878,60.12,27.2561,-34.2031,112.17,268.71
3575.6099,58.94,26.6159,-39.1608,112.08,268.87
3577.561,57.52,25.9939,-44.189,109.94,274.44
,,,,,
3978.5366,19.43,39.7866,5.7378,13.71,755.64
3981.4634,19.48,39.9146,1.162,13.28,774.03
3980.4878,19.51,42,-4.0602,12.96,792.28
3980.4878,19.44,44.25,-8.9676,12.79,800.71
3982.439,19.32,45,-13.92,12.85,800.88
3984.3901,19.28,45,-18.9745,12.96,795.07
3980.4878,19.38,45,-23.9665,12.96,794.84
3983.4146,19.44,45,-29.0705,12.95,792.59
3979.5122,19.85,45,-33.9127,12.88,804.47
,,,,,
3980.4878,24.44,36.1646,5.553,24.77,508.21
3979.5122,24.45,36.75,1.0446,24.9,510.94
3976.5854,24.5,38.25,-4.0114,24.61,516.28
3983.4146,24.44,41.25,-9.0373,24.18,516.94
3981.4634,24.36,42.75,-13.9002,24.3,516.74
3980.4878,24,42.75,-18.9318,24.01,520.36
3976.5854,24.08,42,-24.0621,24.13,521.56
3984.3901,24.23,42.75,-29.0293,24.42,512.49
3978.5366,24.51,43.4085,-34.0004,24.94,505
3978.5366,24.61,45,-39.0122,24.45,508.98
3977.561,24.83,45,-38.9284,24.84,505.31
3978.5366,25.16,45,-43.9291,24.24,513.63
,,,,,
3980.4878,29.54,33,5.7046,37.41,406.91
3982.439,29.44,36.5122,1.1909,37.2,408.19
3982.439,29.44,36.5122,-3.8034,36.86,409.62
3981.4634,29.43,36.5122,-8.8765,36.63,413.21
3981.4634,29.35,38.25,-14.0896,36.61,412.51
3975.6099,29.16,39.75,-18.96,36.39,413.17
3983.4146,29.36,39.75,-23.9379,36.98,410.59
3982.439,29.47,39.75,-29.0663,37.56,404.96
3979.5122,29.64,39.75,-33.9916,37.63,402.92
3981.4634,29.61,41.9634,-38.8929,37.15,403.22
3980.4878,29.5,44.2317,-44.0534,36.84,403.19
,,,,,
3974.634,39.56,30,5.6799,62.12,324.96
3981.4634,39.71,31.5,1.0084,62.41,324.87
3978.5366,39.87,31.4085,-3.9703,62.33,325.6
3978.5366,40.05,31.3537,-8.7229,62.1,327.5
3978.5366,39.78,33.6585,-13.9764,61.95,327.22
3977.561,39.69,34.4085,-19.0316,61.72,328.24
3980.4878,39.81,35.872,-23.9863,61.64,326.49
3980.4878,39.85,35.8171,-28.9973,61.75,325.16
3979.5122,39.72,35.9085,-33.9783,61.59,324.9
3979.5122,39.38,36.2927,-39.0354,61.08,325
3983.4146,39.62,37.2805,-44.0949,62.15,321.33
,,,,,
3982.439,50.19,28.4268,5.7569,85.85,292.99
3982.439,50.39,29.2866,0.6951,86.24,292.8
3979.5122,50.43,30.0732,-4.0873,86.47,291.92
3982.439,50.36,30.0183,-9.1532,86.26,292.4
3980.4878,49.95,29.8537,-14.0877,85.47,293.04
3979.5122,50.38,29.5427,-19.0202,85.78,296.24
3980.4878,50.37,29.7622,-23.971,84.93,296.67
3988.2927,50.58,29.0488,-29.088,85.05,297.8
3982.439,50.32,28.8476,-33.997,84.47,297.14
3985.366,50.29,28.7561,-39.0408,85.05,297.25
3981.4634,50.14,26.9085,-43.9627,84.14,298.86
,,,,,
3980.4878,60.26,27.8963,5.7123,111.4,270.88
3980.4878,60.39,27.128,1.2691,110.93,273.24
3983.4146,60.75,27.75,-4.0854,111.43,273.12
3982.439,60.59,27.2744,-8.9409,110.58,274.15
3982.439,60.25,27.878,-8.843,109.56,274.15
3976.5854,60.24,26.9634,-13.9966,109.8,276.22
3978.5366,60.63,26.8354,-18.9364,109.3,276.88
3977.561,60.98,26.1402,-23.9367,108.4,280.57
3975.6099,60.67,25.2805,-29.0572,107.34,281.26
3982.439,60.3,23.6524,-33.9844,107.05,282.73
3980,59.98,23.325,-38.9816,106.1,286.75
3982.439,59.82,24.0366,-44.0297,106.35,281.78
,,,,,
4380.4878,19.7,40.4634,5.5499,11.48,891.54
4386,19.61,42.4125,1.0773,10.86,927.11
4379.5122,19.63,44.561,-9.0495,10.24,993.68
4383.4146,19.55,44.6524,-14.0518,9.4,1080.57
4383.4146,19.62,44.6524,-19.1444,9.47,1082.82
4379.5122,19.77,44.5976,-23.9615,9.85,1042.79
4380.4878,19.77,44.5244,-29.0465,9.59,1067.21
,,,,,
4386.3413,25.11,35.4146,5.5011,23.88,534.86
4380.4878,25.1,40.5183,0.8822,23.91,535.34
4384.3901,25.33,40.5,-4.016,24.55,527.64
4378.5366,25.38,40.5,-8.9962,24.3,532.75
4378.5366,25.15,42,-13.9413,23.48,547.15
4382.439,25.14,45,-19.0259,23.43,548.4
4381.4634,25.23,45,-24.0488,23.4,551.91
4371.7075,25.29,45,-29.0175,23.34,549.74
4381.4634,25.53,45,-34.0259,23.36,549.83
4376.5854,25.64,45,-38.995,23.81,539.53
,,,,,
4377.561,30.43,33.2012,5.4909,36.45,421.76
4379.5122,30.4,39.1098,1.003,36.19,420.87
4380.4878,30.4,36.0915,1.0221,36.52,422.06
4383.4146,30.48,36,-3.9219,36.14,423.99
4380.4878,30.49,35.9817,-8.9684,35.72,429.04
4380.4878,30.36,37.5,-13.9009,35.35,432.42
4377.561,30.41,42.7866,-19.0034,35.95,424.67
4379,30.56,41.1937,-14.0199,36.8,421.03
4379,30.66,42.75,-24.0133,36.83,421.83
4378.5366,30.6,42.75,-29.0111,36.66,422.17
4382.439,30.64,44.8902,-33.9398,36.88,417.91
4376.5854,30.58,44.9634,-39.0709,37,413.62
4378.5366,30.44,45.0732,-43.9486,37.08,409.91
4381.4634,30.3,45.0915,-43.9912,36.74,411.6
,,,,,
4377.561,41.11,31.5,4.6742,60.46,335.2
4381.4634,40.7,31.4085,1.0888,60.77,333.28
4380.4878,40.71,31.3902,-3.9539,60.43,335.42
4379.5122,41.09,34.6463,-9.1662,60.33,335.26
4375.6099,40.55,36.2195,-14.0122,59.4,335.95
4378.5366,40.49,39.2927,-18.9855,59.47,335.25
4380.4878,40.32,39.8963,-24.0046,59.31,334.99
4378.5366,40.21,40.7927,-29.0846,59.07,334.79
4380.4878,40.32,41.0305,-34.0149,60.34,329.95
4380.4878,40.12,41.2134,-38.9973,61.19,327.96
4377.561,40.18,40.2805,-43.997,62.01,324.35
,,,,,
4378.5366,51.1,30,4.7207,84.52,297.61
4385.3657,51.05,30.9329,1.1589,84.43,297.57
4378.5366,51.01,30.1646,-3.9615,84.67,298.98
4382.439,51.48,31.7012,-8.9707,84.92,298.68
4378.5366,51.1,33.9146,-13.9992,84.46,296.94
4378.5366,50.76,35.6159,-19.0015,83.72,296.96
4380.4878,50.82,35.561,-24.0202,84.8,296.29
4386.3413,50.59,36.622,-28.9131,85.05,296.04
4379.5122,50.18,36.3476,-34.0583,84.5,294.96
4378.5366,49.79,35.4329,-38.9646,85.37,292.53
4380.4878,49.92,34.6646,-43.896,86.81,291.05
,,,,,
4382.439,62.2,27.4024,4.7527,110.19,277.13
4382.439,61.39,30.0915,1.0351,109.38,275.8
4378.5366,61.72,29.7256,-3.8963,109.53,276.08
4380.4878,61.24,29.872,-8.9284,108.74,275.56
4377.561,61.5,30.622,-13.9059,108.93,275.92
4378.5366,61.26,29.6707,-18.9398,107.53,277.83
4377.561,60.66,32.7073,-23.9931,107.21,275.85
4378.5366,61.21,32.2866,-28.923,109.64,276.33
4382.439,60.86,30.8049,-33.9493,109.95,274.67
4377.561,59.54,30.311,-38.9306,109.17,276.33
4382.439,58.54,29.6159,-43.9276,108.63,277.44
4379.5122,61.62,28.9207,4.7382,108.85,275.72
4377.561,59.4,29.7622,-38.7927,109.28,277.35
4379.5122,59.28,29.378,-38.955,109.15,277.32
,,,,,
4780.4878,20.14,37.6463,4.3098,8.91,1140.86
4785.3657,20,38.7073,1.0957,9.05,1142.63
4784.3901,20.01,38.4695,1.0221,8.99,1149.3
4780.4878,19.95,40.2805,-3.9482,8.54,1198.15
4777.561,19.88,42.5122,-9.0309,8.61,1195.51
4773.6587,19.74,45.7134,-14.0598,8.55,1209.27
4785.3657,19.72,47.8537,-19.0004,8.49,1214.87
4771.7075,19.78,45.7134,-18.9665,8.28,1246.59
4775.6099,19.77,45.6037,-23.9737,7.53,1366.04
4769.7559,19.82,45.5671,-28.9985,7.07,1456.53
4787.3169,20.11,45.4573,-33.9543,7.02,1465.2
,,,,,
4765.8535,25.33,34.7561,0.9585,20.85,614.68
4788.2925,25.23,34.3354,4.7001,20.22,626.14
4767.8047,25.05,38.2317,-3.8075,20.12,629.62
4779.5122,24.93,39.0915,-8.976,20.19,626.06
4780.4878,24.77,40.5,-13.9703,20.13,629.29
4790.2441,24.56,43.5,-19.0145,19.3,648.73
4780.4878,24.53,46.5,-23.9909,19.22,652.87
4783.4146,24.79,45,-28.9809,18.85,666.91
4774.6343,24.99,45,-33.9737,18.95,668.06
4780.4878,25.09,45,-38.944,18.59,673.18
,,,,,
4778.5366,30.92,33.6585,4.5229,31.99,471.36
4780.4878,30.76,35.25,0.6246,31.83,475.39
4784.3901,30.5,36.2744,-4.1208,31.54,473.65
4779.5122,30.18,36.439,-9.1029,31.57,472.67
4784.3901,29.89,37.3537,-13.9752,31.86,477.95
4784,29.74,40.4813,-19.0266,31.66,471.83
4788.2925,29.85,41.7988,-24.0423,31.46,473.86
4782.439,29.81,44.872,-28.7873,31.32,475.21
4783.4146,29.96,47.8171,-34.003,32.73,461.7
4781.4634,29.94,49.2622,-39.0896,32.69,459.79
4774.6343,29.84,44.8354,-43.9219,32.66,458.67
,,,,,
4784.3901,40.79,31.2073,4.3655,56.22,353.91
4763.9023,41.81,32.0671,1.1353,57.91,350.97
4792.1953,41.27,32.2866,-3.9379,56.92,352.22
4781.4634,40.45,33.4939,-8.9177,56.18,353.84
4787.3169,40.43,33.622,-13.9916,56.66,354.23
4780.4878,40.19,36.7317,-18.9082,56.22,354.14
4788.2925,40.4,38.7073,-24.0385,57.1,351.62
4774.6343,40.06,40.628,-28.9486,57.52,350.75
4772.6831,40.12,41.5061,-34.0221,57.93,348.22
4789.2681,39.79,43.0244,-39.04,57.88,344.58
4783.4146,39.14,43.4634,-44.0172,58.73,340.53
,,,,,
4785.3657,51.89,31.2256,4.3948,81.86,306.66
4782.439,51.41,29.7256,1.0991,81,307.74
4776.5854,51.06,29.8902,-3.997,80.85,310.75
4779.5122,51.22,31.2256,-8.8902,81.29,308.93
4792.1953,50.38,31.8841,-13.9748,80.4,312.57
4771.7075,49.92,34.1524,-18.9924,79.43,310.88
4788.2925,50.78,35.7988,-24.0351,81.96,308.53
4774.6343,50.53,36.3841,-28.9817,82.21,305.94
4770.7319,50.18,36.3476,-33.9455,82.63,308.12
4790.2441,49.74,37.0793,-38.9276,82.63,303.02
4781.4634,49.37,35.4146,-44.0332,83.27,301.82
,,,,,
4766.8291,62.08,28.4268,4.4188,106.08,285.6
4783.4146,62.28,28.939,1.205,106.54,287.53
4775.6099,62.31,29.1585,-4.0168,106.05,286.35
4774.6343,62.04,31.7378,-9.0156,106.65,285.78
4770.7319,61.4,30,-14.0465,106.08,287.03
4766.8291,60.88,30.4939,-19.0373,106.08,286.52
4788.2925,60.67,30.6037,-23.9527,105.95,287.77
4761.9512,60.33,30.128,-28.9085,106.29,289.84
4786.3413,60.29,30.5671,-34.0625,106.62,286.51
4784.3901,59.62,31.811,-38.7873,107.99,283.41
4775.6099,58.17,30.3659,-44.1395,106.7,285.41
,,,,,
5178.5366,19.49,36.8232,4.3205,5.61,1844.47
5179.5122,19.6,39.4573,0.9188,5.58,1842.53
5182,19.69,40.1437,-3.9199,5.27,1933.11
5183.4146,19.73,41.6341,-8.9325,5.11,1978.11
5179.5122,19.55,43.2073,-13.9207,5.08,1999.99
5178.5366,19.54,44.7073,-18.9482,5.06,2003.6
5175.6099,19.57,44.6524,-24.0267,5.2,1968.19
5184.3901,19.64,44.7622,-29.0019,5.14,1980.01
5181.4634,19.78,44.6341,-34.0655,4.85,2109.88
5182.439,19.95,44.3963,-39.0549,4.42,2325.01
,,,,,
5178.5366,24.77,35.872,4.2912,17.03,734.63
5176.5854,24.85,34.9207,1.048,16.88,750.42
5178.5366,24.85,38.1402,-3.9901,16.51,755.18
5179.5122,24.76,40.9024,-8.9367,16.51,755.23
5180.4878,24.52,41.6524,-13.992,16.42,755.48
5179.5122,24.55,43.2073,-19.0061,16.31,762.66
5178.5366,24.64,43.1341,-23.9204,16.98,736.47
5178.5366,24.57,43.2073,-28.963,16.97,735.47
5180.4878,24.6,46.1341,-34.0084,17.5,711.86
5180.4878,24.53,45.4573,-38.9284,16.77,738.43
5179.5122,24.88,45.4573,-43.9398,17.83,704.91
,,,,,
5180.4878,29.98,32.9268,4.2843,29.24,514.18
5178.5366,29.89,34.1341,1.0728,28.95,520.55
5178.5366,29.94,35.0854,-4.0438,28.67,524.39
5181.4634,29.86,38.3963,-9.0293,27.92,525.17
5185.3657,29.75,38.5793,-14.0114,29.04,517.48
5177.561,29.38,40.1524,-19.0019,28.45,521.98
5178.5366,29.5,40.1524,-24.0682,28.63,520.12
5183.4146,29.44,40.9024,-28.9829,28.75,517.98
5179.5122,29.44,42.4573,-33.979,29.06,512.81
5181.4634,29.62,43.7927,-38.971,29.97,499.64
5180.4878,29.48,45.3293,-43.9703,30.6,488.99
,,,,,
5179.5122,39.7,30.3659,4.3335,52.86,379.81
5181.4634,39.71,31.1159,1.1174,52.57,379.77
5178.5366,39.71,32.6707,-3.9889,51.96,379.64
5180.4878,39.79,34.061,-9.0011,51.91,381.13
5182.439,40,35.5976,-13.9569,53.25,378.06
5182,39.79,37.2375,-19.0191,52.92,378.1
5183.4146,39.71,37.1707,-23.9184,53.43,373.97
5178.5366,39.33,37.2439,-28.9173,53.32,375.99
5182.439,39.46,38.7256,-34.0244,54.26,370.16
5176.5854,39.49,40.1707,-39.0507,55.18,362.5
5181.4634,39.19,41.0671,-43.9356,55.26,358.23
,,,,,
5183.4146,50.18,29.3963,5.5831,76.63,329.62
5178.5366,50.16,30.6951,1.2287,76.18,327.91
5181.4634,50.52,30.5671,-3.9569,76.91,327.95
5182.439,50.44,31.1159,-8.8925,76.45,328.41
5177.561,50.38,31.1524,-13.9783,76.16,331.45
5182.439,50.37,31.0976,-18.9432,76.34,332.13
5177.561,50.79,31.8659,-23.9242,76.79,330.59
5176.5854,50.8,32.4512,-23.936,77.11,329.1
5177.561,50.5,32.8354,-29.0244,77.08,327.85
5178.5366,50.26,33.5488,-33.9108,77.46,323.23
5180.4878,49.86,31.811,-39.0408,78.21,322.38
5181.4634,49.22,31.5915,-43.8883,77.72,323.18
,,,,,
5181.4634,60.84,27.3476,5.4371,102.09,304.41
5179.5122,61.15,26.8171,1.1612,101.82,306.37
5180.4878,60.79,26.25,-3.9531,100.97,308.13
5180.4878,60.94,26.4329,-9.0545,100.38,311.7
5175,60.6,26.6812,-14.1152,99.32,312.34
5185.3657,60.7,27.311,-18.9154,100.09,310.65
5177.561,60.86,28.0427,-23.9741,100.22,311.27
5181.4634,60.9,28.0061,-23.9775,101.39,308.29
5173.6587,60.56,27.8049,-28.9276,100.66,308.67
5181.4634,60.14,29.1037,-34.0556,101.89,304.5
5181.4634,60.31,28.5183,-34.0713,101.65,305.74
5176.5854,59.83,28.8476,-39.0042,101.94,304.12
5174.6343,59.11,28.372,-43.9028,103.63,301.65
,,,,,
5581.4634,19.1,36,4.1094,2.91,3547.3
5578.5366,19.11,36.9146,4.0842,2.73,3767.55
5581.4634,19.18,37.0061,1.1033,2.75,3754.69
5581.4634,19.22,38.4695,-3.9657,2.49,4078.34
5582.439,19.13,40.5915,-8.9261,2.47,4182.62
5579.5122,18.9,41.4329,-14.0408,2.6,3914.09
5579.5122,18.78,42.2195,-18.9756,2.52,4024.55
5582.439,18.85,43.6098,-24.0598,2.92,3543.89
5579,18.83,43.6312,-29.0367,3.06,3375.84
5577.561,18.95,45.1646,-34.0046,3.19,3247.47
5578.5366,19.06,45.0732,-38.9325,3,3396.84
5581.4634,19.06,45.0915,-43.9821,2.62,3900.14
,,,,,
5581.4634,24.03,35.4146,4.343,13.06,953.33
5580.4878,24.3,36,0.4897,13.7,914.75
5579.5122,24.28,36.3841,-4.3357,13.47,929.93
5578.5366,24.17,39.0732,-9.1566,12.95,948.33
5581.4634,24.02,39.1463,-14.0583,13.98,898.43
5580.4878,23.97,39.9146,-18.9809,14.02,895.5
5580.4878,24.05,42.0732,-24.024,14.45,869.75
5578.5366,23.95,42.311,-29.0427,14.07,885.51
5580.4878,24.26,42.75,-34.0168,14.85,844.12
5579.5122,24.54,44.25,-39.0621,15.77,800.95
5580.4878,24.08,45.2378,-43.9116,15.25,812.93
,,,,,
5582.439,29.17,34.2256,4.1543,26.26,574.58
5578.5366,29.29,34.5,1.0701,26.3,575.68
5581.4634,29.39,34.4634,-3.9596,26,579.83
5577.561,29.27,36.75,-8.9947,25.12,585.69
5581.4634,29.1,36.75,-13.9245,25.52,585.51
5579.5122,29,38.25,-19.003,25.5,583.02
5580.4878,29.24,38.25,-24.0069,26.06,572.43
5581.4634,29.48,39,-28.9707,27.09,554.55
5579.5122,29.28,39,-33.9432,26.72,559.07
5582.439,29.4,39.7134,-39.053,27.39,547.38
5580.4878,29.03,40.5,-43.8758,27.11,545.94
,,,,,
5578.5366,39.37,32.25,4.2066,50.19,400.75
5582.439,39.47,33.0549,1.1246,49.96,400.2
5580.4878,39.46,32.9634,-3.9486,49.57,403.06
5581.4634,39.33,34.7195,-8.9253,49.34,402.74
5580.4878,39.16,34.9024,-14.053,50.2,399.23
5580.4878,38.94,35.0671,-18.9425,49.83,399.53
5579.5122,38.86,35.2683,-23.9943,49.79,399.65
5580.4878,39.29,35.4512,-29.0225,51.35,392.69
5581.4634,39.03,35.0305,-33.9325,51.55,390.79
5581.4634,38.9,36.6951,-39.0091,51.92,386.79
5578.5366,37.99,37.5366,-43.9615,50.51,387.09
,,,,,
5580.4878,49.17,28.9024,5.0595,74.79,353.28
5578.5366,49.06,29.0305,1.0915,74.64,353.3
5578.5366,49.34,29.8354,-3.9325,74.47,353.43
5578.5366,49.44,30.3659,-8.9021,74.44,352.14
5580.4878,49.29,30.6402,-13.9935,74.74,352.6
5579.5122,49.31,30.75,-18.9543,74.84,351.94
5576.5854,49.4,31.3171,-24.0671,75.6,349.86
5580.4878,49.4,30.8049,-29.0008,76.01,348.1
5578.5366,49.29,30.7866,-33.9973,76.51,345.34
5577.561,48.62,30.311,-38.931,76.23,344.31
5582.439,48.38,30.0183,-43.9638,77.73,339.67
,,,,,
5579.5122,59.27,26.3963,5.0377,97.33,326.31
5582.439,59.42,25.939,1.0861,96.93,326.8
5578.5366,59.48,25.9024,-3.9699,97.71,325.61
5579.5122,59.22,25.8659,-9.0091,96.78,327.27
5577.561,59.01,25.811,-13.9707,96.14,330.82
5577.561,59.15,26.3232,-13.9695,96.6,327.82
5582.439,59.7,26.4695,-18.9627,97.91,326.57
5582.439,59.78,26.378,-24.0575,97.61,326.55
5579.5122,59.67,26.7439,-29.0743,98.35,324.06
5580.4878,59.44,26.5427,-33.9226,99.23,319.35
5581.4634,58.43,26.8171,-39.0267,99.46,319.02
5580.4878,57.37,27.311,-44.0099,99.65,318.68
,,,,,
5983.6064,20.58,41.25,4.835,0.14,69845.08
5985.3657,20.46,41.25,0.5812,0.33,53631.73
5983.4146,20.71,41.9634,-4.513,0.43,18851.76
5976.5854,20.64,42,-9.1044,0.13,-217046.5
5979.5122,20.28,43.628,-14.096,0.36,59450.4
5982.439,20.19,45.2744,-19.2226,0.65,29755
5986.3413,20.29,45.2195,-24.1109,0.59,20067.21
5994.1465,20.69,45,-28.9729,1.01,12758.63
5991.2197,20.9,45,-34.056,1.17,10264.97
,,,,,
5992.1953,25.5,35.8537,4.859,12.23,1040.02
5977.561,24.92,36,0.9668,11.03,1138.77
5966.8291,25.13,37.5,-3.8155,10.47,1175.88
5967.8047,25.1,37.5,-3.8731,10.59,1170.61
5987.3169,25.11,39,-9.1254,11.16,1126.6
5991.2197,24.89,39.75,-13.9554,11.33,1108.04
5980,24.84,41.25,-19.0699,11.24,1112.78
5976.5854,25.33,42,-24.0781,12,1051.47
5973.6587,25.56,42.75,-28.9909,12.1,1042.15
5967.8047,25.67,44.25,-33.9009,12.43,1008.43
5983.4146,25.86,44.25,-38.9428,12.97,967.42
5969.7559,26.19,45,-43.904,13.8,911.5
,,,,,
5988.2925,30.55,38.1402,-9.0236,24.31,623.57
5984.3901,30.25,38.4512,-14.0857,24.2,627.04
5979.5122,30.3,38.4878,-18.9447,23.93,628.29
5994.1465,30.26,39.878,-23.9954,24.55,616.36
5967.8047,30.63,39.5122,-28.9527,24.84,609.45
5993.1709,30.65,40.4634,-34.0488,24.86,605.28
5966.8291,31.07,41.4146,-38.9131,26.23,582.23
5967.8047,30.77,43.0244,-43.8899,25.98,579.63
,,,,,
5972.6831,40.66,30.5671,5.0213,47.13,431.92
5970.7319,40.85,31.4268,0.6387,46.98,431.55
5971.7075,40.9,31.3354,-3.6795,46.72,431.75
5979.5122,40.71,30.9146,0.7717,48.91,433.7
5973.6587,40.96,30.9512,-3.7938,48.69,435.76
5975.6099,40.89,31.9756,-8.9642,48.48,436.02
5973.6587,40.33,32.5061,-13.9463,47.54,440.36
5989.2681,40.86,32.6341,-18.9531,49.44,430.48
5993.1709,40.98,33.878,-24.0423,49.87,427.06
5975.6099,40.69,34.189,-29.1738,49.07,426.61
5991.2197,41,35.8537,-33.9074,51.21,414.11
5986.3413,40.71,35.7439,-38.8857,51.13,414.71
5985,41.01,35.5875,-44.0293,53.02,404.21
,,,,,
5993.1709,50.28,29.689,5.2504,69.82,377.14
5995.1221,50.31,30.622,0.6597,70.05,374.71
5985.3657,50.74,30.2378,-3.7027,70.42,373.4
5966.8291,51.69,30.2378,-8.6292,72.39,368.61
5966.8291,50.75,30.3659,-13.7915,71.27,370.02
5979.5122,51.1,29.122,-19.0713,71.6,371.22
5993.1709,50.8,30.9329,-23.9204,71.43,366.98
5980.4878,51.75,29.3232,-29.1536,72.93,365.4
5967.8047,51.16,30.75,-33.8803,73.2,361.11
5982.439,50.75,29.7988,-38.9962,74.02,357.94
5993.1709,49.89,31.2805,-44.1395,73.87,356.15
,,,,,
5965.8535,60.03,26.3415,5.1932,92.55,362.15
5984.3901,60.04,27.0915,1.2584,93.83,355.37
5970.7319,60.87,26.8537,-3.5766,95.57,354.43
5975.6099,60.18,26.7988,-8.9032,93.64,357.38
5966.8291,60.25,25.7378,-13.8963,94.78,355.73
5965.8535,60.58,26.1402,-18.9806,95.61,353.25
5980.4878,60.54,26.1585,-24.0831,96.1,353.11
5968.7803,60.53,26.2866,-23.9928,96.32,351.62
5987.3169,60.1,26.2683,-29.056,94.84,352
5970.7319,60.01,26.4695,-33.9821,95.41,351.27
5973.6587,59.09,27.4573,-39.0293,96.29,346.21
5964.8779,58.66,27.9695,-43.9745,96.53,348.19