SPEED,IMEP,ANGLE,VVT,TORQUE,BSFC,COV
1200,201.65,27.53692293,0.277618838,16,516.41,0.89
1200,200.73,31.01503906,11.60198975,15.7,536.34,1.11
1200,199.93,43.99702148,23.80733643,14.6,561.42,6.88
1200,199.93,44.08954421,36.15651897,12.2,777.14,78.1
1200,204.11,41.271875,47.77736816,9.8,986.51,106.36
1200,302.03,23.40800781,0.294384766,27.9,394.82,0.69
1200,302.55,24.79665527,11.62972412,28.3,388.11,0.75
1200,299.95,34.98726037,23.73944885,27.8,384.08,0.76
1200,302.94,44.24748142,35.96061962,27.7,394.2,22.31
1200,300.06,43.28271714,47.59954519,23.6,495.82,58.5
1200,397.03,21.6977455,11.56492077,40,323.93,3.2
1200,402.95,26.86628418,23.75394287,41,318.97,0.68
1200,403.49,44.81765943,35.69691412,39.7,315.87,1.82
1200,401.66,45.1950802,47.31040933,39.6,334.82,16.93
1200,398.94,20.22619629,0.302404785,40.3,337.52,0.67
1200,501.65,18.49838867,0.307189941,52.9,304.08,0.58
1200,503.27,19.69358862,11.59526604,53.2,297.45,0.61
1200,497.52,22.22255859,23.740271,52.6,297.26,0.61
1200,498.81,32.20432316,35.71838322,52.3,291.64,0.89
1200,502.53,44.72985133,47.12651604,51.5,285.93,2.46
1200,600.31,17.57905419,0.313013498,65.1,285.97,0.65
1200,599.55,17.69466451,11.58610867,65.1,284.17,0.62
1200,598.42,19.87900391,23.76329346,65,277.36,0.63
1200,598.1,26.24956055,35.63470459,64.7,275.16,0.76
1200,600.69,32.68425293,47.05422363,64.7,274.1,1.01
1200,703.97,16.59624023,0.310534668,77.8,269.36,0.59
1200,704.02,16.20297852,11.63565674,78,272.27,0.66
1200,703,18.14060059,23.74807129,77.9,267.66,0.87
1200,702.64,21.37160645,35.58221436,77.7,262.45,0.81
1200,702.15,25.28736307,46.99585534,77.3,262.23,0.79
1200,799.91,15.60798122,0.307279441,89.7,263.5,0.7
1200,801.76,16.15375587,11.56849081,89.9,261.21,0.61
1200,802.28,16.72522985,23.68791569,90,261.2,0.62
1200,797.3,18.41033353,35.61188136,89.3,259.5,0.95
1200,802.77,18.94569151,47.17796362,89.8,257.68,0.67
1200,902.69,13.7130127,0.322070313,102.3,258.79,0.7
1200,902.33,13.90253906,11.59831543,102.3,256.27,0.64
1200,904.08,13.39918329,23.58131602,102.4,254.34,0.6
1200,899.37,14.43974609,35.37672119,101.9,258.17,0.77
1200,902.36,14.22804186,46.78507678,101.8,258.55,0.86
1200,1004.78,7.612627152,0.373496185,114.9,259.67,0.83
1200,1002.81,6.917504883,11.65030518,114.6,261.91,0.98
1200,1004.68,7.294604492,23.38951416,114.8,261.16,0.96
1200,1007.53,8.486869131,35.62742077,114.8,260.2,0.97
1200,1000.6,8.502514648,47.05865479,113.9,261.46,1.09
1200,1390.13,-3.141456377,46.6137275,162.9,324.63,1.03
1200,1103.89,6.127885368,0.394965278,127.2,275.24,0.62
1200,1136.15,3.765454102,11.80184326,131.2,281.07,0.94
1200,1198.64,1.593066406,23.37427979,138.2,282.57,1.02
1200,1314.67,-0.802539063,34.90916748,152.7,294.77,1.03
,,,,,,
,,,,,,
1600,303.41,25.04208984,0.241296387,28.3,385.48,1
1600,299.55,25.42263184,11.6567627,27.9,390.74,0.93
1600,301.45,30.94970168,24.0598347,28,382.27,1.08
1600,303.86,42.73781738,35.47363281,26.9,380.03,3.06
1600,299.82,44.66328125,47.95936279,27.1,415.03,31.29
1600,403.31,22.54337833,0.258093701,40.7,332.77,1.51
1600,400.56,22.62910798,11.73505966,40.6,324.25,0.68
1600,403.3,25.16416016,24.0480835,40.9,318.03,1.93
1600,402.18,34.24440918,35.52445068,40.4,320.43,2.41
1600,400.7,43.86350743,47.98310348,38.7,325.63,5.81
1600,499.62,20.72217332,0.265025919,52.7,298.49,0.67
1600,499.68,20.29614143,11.65893975,52.9,299.65,0.67
1600,497.17,21.858348,24.05844092,52.5,296.49,0.69
1600,499.14,28.709018,35.56498191,52.6,289.17,0.82
1600,500.67,38.20117188,47.88218994,52.4,288.05,0.93
1600,599.88,19.35404441,0.271359057,65.3,280.88,0.74
1600,604.74,18.97857981,11.69621723,66,279.02,0.68
1600,604,20.08381348,23.63703613,65.8,278.66,0.67
1600,598.62,24.02626953,35.11451416,65,275,0.72
1600,601.04,30.7095459,47.8736084,65.2,269.63,0.78
1600,703.33,18.69294434,0.278344727,78.1,266.41,0.7
1600,703.56,18.39241002,11.88336268,78.2,268.3,0.61
1600,699.44,19.13781738,23.64782715,77.6,267.67,0.68
1600,703.01,21.45061035,35.10998535,77.8,264.66,0.64
1600,702.44,23.65669014,47.75293427,77.9,261.4,0.76
1600,801.68,17.14370117,0.287487793,90.2,260.5,0.71
1600,801.03,16.22944336,11.71804199,90.2,258.91,0.76
1600,801.15,16.78029785,23.65565186,90.2,256.83,0.68
1600,799.05,16.59191895,35.10787354,89.9,257.68,0.82
1600,800.99,18.01647949,47.87773438,90.2,256.11,0.91
1600,900.63,13.66313477,0.274890137,102.5,253.47,0.82
1600,900,13.87646484,11.72666016,102.4,255.9,0.83
1600,899.82,11.64072281,23.64154196,102.4,256.78,1.03
1600,900.28,10.77332746,35.26058783,102.5,259.57,1.32
1600,904.46,11.54753521,47.92500489,102.9,258.86,1.39
1600,1003.01,10.43383789,0.271826172,115.1,255.85,0.92
1600,1001.14,10.67211952,11.73285896,114.8,256.39,1.04
1600,1003.66,9.97058392,23.43135025,115.1,254.58,1.1
1600,1001.78,9.855291471,34.94509243,114.9,257.01,1.21
1600,1004.63,9.151530712,47.99199188,115,261.26,1.35
1600,1102.15,9.488825313,0.229203345,127.1,252.76,1.3
1600,1099.58,8.304650822,11.67352553,127,254.13,1.33
1600,1098.67,6.980242567,23.51637079,126.5,258.68,1.56
1600,1099.06,6.694506836,35.03813477,126.2,262.31,1.58
1600,1098.34,6.922070618,47.49359351,126.2,266.8,1.78
1600,1201.33,5.856054688,0.191064453,139.3,259.45,1.45
1600,1202.78,5.789526367,11.74569092,139.7,258.01,1.59
1600,1196,4.525830078,23.43674316,138.6,264.21,1.79
1600,1202.8,5.804589844,34.95200195,138.9,264.13,1.64
1600,1200.54,6.766967773,47.76456299,139.2,274.21,2.05
1600,1304.5,4.58215332,0.172680664,152.2,258.44,1.71
1600,1300.42,5.232348633,11.76700439,151.4,256.73,1.84
1600,1296.19,2.94296875,23.54354248,150.5,266.27,1.98
1600,1301.65,4.446264648,35.03383789,151.4,268.43,1.98
1600,1304.19,5.504156886,47.68279294,153.1,305.83,2.44
1600,1403.63,3.14987793,0.183496094,163.9,277.67,1.13
1600,1557.54,1.474023438,12.6552124,182.1,277.6,1.32
1600,1796.19,-0.709692383,24.15351563,210.8,275.57,1.5
1600,1773.87,-1.976074219,35.5793335,209.6,295.32,1.28
1600,1771.5,-1.974243164,47.82387695,210.8,334.52,1.26
,,,,,,
,,,,,,
2000,200.81,28.53876953,0.392773438,16.1,516.12,0.94
2000,199.57,27.77963615,12.88769073,15.6,534.6,1
2000,199.09,33.83637695,24.92381592,14.9,549.56,1.33
2000,199.95,44.59108887,35.94014893,13.7,601.25,15.88
2000,195.76,43.55592234,48.10260172,10.6,884.23,66.08
2000,301.86,25.2064209,0.166723633,27.6,389.86,1.14
2000,302.85,25.54321289,11.75938721,27.6,384.47,0.97
2000,299.14,27.24807129,23.40797119,26.9,385.64,1.2
2000,299.7,37.89253228,34.3692904,26.3,384.31,1.64
2000,300.39,43.71153658,48.03211806,25.5,418.28,13.21
2000,397.9,22.97082844,0.25743349,40.4,325.52,1
2000,398.87,23.30746283,11.57092381,40.5,322.48,0.89
2000,401.96,27.65351135,29.03568809,40.5,315.32,0.95
2000,397.49,32.52384096,35.97641579,39.9,314.55,1.09
2000,402.54,44.10113459,48.15503961,40.1,317.29,3.45
2000,502.24,21.3102993,0.188820423,52.9,298.71,0.88
2000,502.44,21.88955078,11.72166748,52.9,299.11,0.74
2000,500.15,21.94155273,23.48439941,52.4,298.38,0.81
2000,501.27,25.39933001,34.90519855,52.5,293.56,0.96
2000,502.53,34.45717773,48.05961914,52.7,288.24,0.99
2000,602.78,20.14346146,0.255550665,66.2,282.66,0.57
2000,599.53,20.34272461,14.0305542,65.7,281.75,0.55
2000,597.87,20.82646484,25.3644165,65.2,277.64,0.55
2000,601,23.59606934,36.06882324,65.6,275.38,0.57
2000,599.89,28.59956964,47.96675714,65.9,273.41,0.57
2000,702.28,19.56020149,0.18259732,77.8,270.57,0.77
2000,701.04,19.69334409,11.89055164,77.6,268.61,0.74
2000,702.18,19.49312891,24.06404049,77.6,266.54,0.78
2000,702.93,19.35710094,35.55329372,77.6,261.94,0.92
2000,699.41,20.76044922,48.02479248,77.6,263.43,1.08
2000,799.24,17.94865023,0.216402582,90.3,261.13,0.65
2000,799.26,18.43427734,12.32453613,90.4,260.07,1.42
2000,798.46,18.95236698,24.0859864,90.1,258.01,0.57
2000,797.59,18.22664808,35.86817782,89.9,256.46,0.7
2000,802.03,17.71319933,47.81853971,90.9,257.15,0.67
2000,899.24,15.87037852,0.192842821,102.2,254.59,0.83
2000,899.03,15.04489746,11.75338135,102.2,255.12,0.78
2000,900.53,12.43260955,24.00902289,102.4,256.93,1.18
2000,898.87,12.61657715,35.48630371,102,256.88,1.18
2000,897.06,12.27024648,47.97042498,101.9,259.4,1.55
2000,998.17,12.22170872,0.253790102,114.5,257.5,0.96
2000,1000.2,12.26242676,11.91217041,114.8,256.08,1
2000,1001.02,11.06079102,23.6494751,114.8,255.87,1.08
2000,1002.78,11.09176937,35.86329959,115,255.12,1.03
2000,999.25,9.821889671,47.3588615,114.1,259.57,1.27
2000,1101.17,10.34501953,0.260656738,126.9,254.5,1.04
2000,1100.4,9.010172144,11.75742126,127,257.31,1.49
2000,1101.89,8.504785156,23.64984131,127.2,256.66,1.53
2000,1103.92,8.436279297,35.00588379,127.2,259.78,1.47
2000,1102,8.782763672,48.16503906,127.1,264.12,1.78
2000,1201.21,8.569238281,0.275183105,138.8,257.38,1.51
2000,1200.6,8.338859546,11.7146787,139.1,255.72,1.5
2000,1200.48,8.713696289,23.32130127,138.7,253.2,1.32
2000,1202.57,7.093530273,35.92108154,138.3,259.87,1.62
2000,1199.51,7.796899414,47.38024902,137.7,263.71,1.72
2000,1298.47,5.41766921,0.206621674,150.8,262.56,1.96
2000,1298.55,4.751123047,11.75681152,151.1,265.1,2.02
2000,1300.73,5.420430055,23.70464342,151.1,263.5,2.01
2000,1296.67,5.12121582,35.08244629,150.8,268.04,1.99
2000,1299.57,6.033422852,46.58331299,151.6,289.26,2.33
2000,1402.73,5.517092136,0.259817586,162.1,262.24,2.14
2000,1399.71,5.08984375,11.7633667,162.1,261.99,2.12
2000,1402.79,5.665810837,23.55413732,161.6,257.86,1.78
2000,1397.11,5.330712891,34.95526123,160.5,265.83,1.69
2000,1399.26,5.420089984,47.54587246,161.4,294.79,1.24
2000,1501.41,3.213443858,0.192903951,174.7,269.01,2.22
2000,1498.4,1.701513672,11.72211914,174.3,272.95,2.57
2000,1497.36,1.741040039,23.71534424,174.3,271.5,3.03
2000,1504.96,3.736376953,35.10323486,176.7,284.55,2.55
2000,1606.61,-0.037939453,0.01151123,185.1,286.03,2.36
2000,1606.04,-0.726428013,13.27700753,184.6,284.44,2.21
2000,1599.6,-0.587890625,24.1605957,185,283.53,1.72
2000,1599.68,0.012446205,36.07931094,188.4,309.32,2.23
2000,1606.67,-3.949926758,47.57788086,194,423.33,4.04
2000,1701.38,-1.234179688,0.171069336,199.8,294.25,1.94
2000,1704.09,-3.231982422,11.73059082,200,300.98,2.78
2000,1704.92,-3.143705986,23.69764769,201,301.04,2.07
2000,1795.08,-3.943261719,0.006481934,209.3,320.28,2.36
2000,1813.62,-4.566308594,13.47764893,210.5,318.05,2.12
2000,1821.34,-3.826464844,24.11923828,212.9,303.49,1.84
2000,1773.7,-4.952832031,36.25257568,212.2,352.21,2.53
,,,,,,
,,,,,,
2400,200.59,29.1153169,0.096060739,15,546.71,1.28
2400,197.97,30.26203613,13.77495117,14.5,564.67,1.52
2400,199.86,33.665982,24.05742615,14.3,562.55,1.58
2400,200.97,44.62272594,35.39463517,12.9,619.71,4.61
2400,204.35,44.3222168,47.0112793,11.5,784.63,41.31
2400,299.92,26.62980957,0.167919922,26.8,401.52,1.36
2400,301.66,27.17695313,12.60626221,26.8,400.91,1.34
2400,297.87,28.41242676,24.13205566,26.3,398.02,1.71
2400,301.66,37.80070801,35.99088135,26.2,391.49,1.6
2400,299.94,42.89042969,47.98553467,24.4,430.72,7.83
2400,401.98,23.92714844,0.12121582,39.7,337.27,1.21
2400,403.33,23.69569151,13.34540053,39.6,336.84,1.22
2400,403.07,26.12084311,24.82706133,39.6,333.22,1.56
2400,401.73,28.83286133,36.20522461,39.4,329.38,1.76
2400,400.44,40.55698242,47.95844727,38.5,326.22,2.29
2400,501.54,21.82368164,0.055041504,53,302.09,0.92
2400,500.95,23.24131944,12.08927523,53,300.29,0.92
2400,499.55,23.85695423,23.90508852,52.7,297.85,1.09
2400,499.64,25.8236084,35.37897949,52.6,293.3,0.96
2400,498.33,31.02670898,46.81317139,52.6,291.52,0.83
2400,601.56,21.06379395,0.086547852,64.7,287.47,1.24
2400,600.04,21.5247457,11.92637422,64.4,286.99,1.21
2400,599.2,21.93359375,23.67747803,64.2,283.89,1.43
2400,599.73,22.72068173,35.10549932,64.2,282.22,1.5
2400,600.16,25.91862793,47.94418945,64.5,277.39,1.8
2400,701.52,19.56389378,0.047730829,77.9,274.46,0.78
2400,700.06,19.95915527,12.06672363,77.7,272.9,0.86
2400,701.23,20.36704102,23.87362061,77.7,269.9,0.77
2400,701.39,20.43011541,35.41765698,77.6,268.39,0.78
2400,694.55,22.353482,46.90625,76.9,265.04,0.77
2400,799.78,18.22736816,0.087866211,89.2,265.07,1.09
2400,800.46,18.6578883,11.77243496,89.2,265.82,1.14
2400,797.38,18.23015137,23.37564697,88.6,263.71,1.47
2400,796.7,15.67588517,34.82149844,88.6,265.11,1.71
2400,802.33,15.38972027,47.87641823,89.3,265.41,1.63
2400,901.07,15.94382324,0.041296387,102.6,261.2,0.85
2400,899.44,15.79743652,12.1369751,102.3,259.43,0.76
2400,898.21,15.7941608,23.83337001,102.1,258.09,0.95
2400,898.72,14.35957062,35.30439407,102.1,258.73,1.06
2400,900.18,13.47048611,46.68423562,102.1,261.12,1.01
2400,998.73,13.43813477,0.132409668,113.7,258.32,1.21
2400,1004.73,12.73420383,11.82767263,114.5,259.56,1.25
2400,998.34,10.28029785,23.66369629,113.7,262.9,1.56
2400,998.13,11.03120117,35.19984131,113.7,261.93,1.61
2400,1001.76,10.47526855,47.9237915,114.1,263.42,2.08
2400,1098.24,10.91494141,0.121069336,125.9,258.93,1.55
2400,1104.61,11.09829102,11.70891113,126.6,258.19,1.32
2400,1104.49,9.468334311,24.13864437,126.4,260.14,1.83
2400,1100.3,10.1355957,35.63096924,126.1,258.75,1.65
2400,1096.33,10.56796875,47.57355957,125.3,260.71,1.77
2400,1198.77,10.85186815,0.025344777,138.8,259.41,1.12
2400,1200.62,9.651000977,11.96445313,138.9,257.91,1.33
2400,1203.81,9.286776213,23.60888595,138.6,259.15,1.39
2400,1199.61,9.482072884,35.7471346,137.6,259.5,1.42
2400,1202.8,9.898767606,47.19840571,138.1,260.51,1.3
2400,1304.38,8.200264085,0.141358568,150.6,259.56,1.75
2400,1302.14,7.643701172,11.70614014,150.9,260.87,2.02
2400,1302.89,6.743725586,23.55400391,150.5,263.9,2
2400,1299.28,7.120843114,34.97646469,150.1,268.52,2.14
2400,1299.04,8.642626953,46.35058594,150.5,278.53,2.09
2400,1401.11,8.442871094,0.006994629,161.4,257.68,1.76
2400,1400.82,7.123657227,12.09775391,161.6,261.07,1.96
2400,1401.29,6.731445313,24.19196777,161.2,260.4,2.01
2400,1401.72,7.072607422,36.07120361,161.3,264.73,1.67
2400,1403.19,6.055995696,47.24795824,165.2,319.32,0.87
2400,1498.66,4.539794922,0.078222656,173.3,271.11,2.26
2400,1499.58,4.541137695,11.67122803,173.9,268.91,2.45
2400,1499.51,4.514280125,23.55729167,173.6,267.51,2.33
2400,1701.79,1.978344727,0.057421875,200,287.84,1.95
2400,1702.24,0.330224609,11.67054443,199.8,293.92,1.93
2400,1704.37,1.012299491,23.53060201,199.4,278.45,1.76
2400,1700.95,0.617982199,34.99179626,199.8,302.1,1.55
2400,1708.19,-0.479345703,46.49754639,201.4,349.87,1.84
2400,1776.05,-0.481762695,0.060095215,209.3,318.43,1.81
2400,1791.85,-0.972148865,11.70082649,211,310.88,2.15
2400,1791.76,-1.301831055,23.58786621,209.5,308.6,1.61
2400,1779.47,0.00090332,34.93834229,209.5,307.59,1.6
2400,1774.01,1.967602539,46.43496094,209.5,331.66,1.67
,,,,,,
,,,,,,
2800,202.14,30.31127739,0.063624804,14.7,562.23,1.34
2800,199.1,31.50442586,13.32504401,14.2,572.44,1.35
2800,199.39,35.36308594,24.65343018,13.7,581.59,1.42
2800,201.16,44.36025391,36.11356201,12.5,622.08,4.69
2800,200.23,43.4897545,47.60339642,12.8,683.65,31.06
2800,296.88,27.79276702,0.191400137,26.2,410.33,1.72
2800,300.1,26.96716309,12.23537598,26.5,407.05,1.41
2800,299.56,28.95881348,23.78903809,26.1,408.06,1.9
2800,301.36,33.68622848,35.98855634,26,399.63,1.53
2800,304.43,45.45856934,47.61405029,25.4,404.11,4.49
2800,401.86,24.12937012,0.067797852,39.8,337.21,1.05
2800,398.54,25.82472613,13.18463908,39.5,337.32,1.05
2800,398.19,26.23532864,24.3828614,39.1,334.67,1.11
2800,400.64,30.2144464,35.86205252,39.2,328.17,1.15
2800,399.14,36.57741588,47.36193026,38.9,325.17,1.33
2800,503.73,23.04973145,0.091174316,52.1,312.03,1.1
2800,500.63,22.59338379,11.98421631,51.6,311.16,1.03
2800,500.17,23.23876953,23.7199707,51.2,307.64,1.09
2800,502.61,25.47307129,35.2892334,51.6,303.36,1.24
2800,501.45,29.35668525,47.10668525,51.9,299.44,1.7
2800,600.7,21.99414063,0.059301758,64.8,289.12,1.75
2800,600.51,22.11079102,12.90941162,64.7,286.92,2.09
2800,601.76,22.36996283,23.86012079,64.4,284.37,1.55
2800,599.33,23.88789063,35.42696533,64.2,281.11,0.79
2800,601.77,26.39373044,46.89738605,64.7,278.17,0.68
2800,703.54,21.22970462,0.055421068,76.8,277.72,0.92
2800,698.8,20.97924805,11.82368164,76.2,277.01,0.97
2800,700.58,20.78808594,23.41931152,76.1,275.94,0.98
2800,702.05,20.37785645,34.85266113,76.2,274.4,1.1
2800,701.88,20.05432129,47.75053711,76.6,272.44,1.35
2800,797.7,20.17236405,0.04962588,88.9,266.1,0.8
2800,802.79,18.31438282,12.19942048,89.4,265.51,0.83
2800,800.03,17.2979248,24.03682861,88.8,265.11,0.93
2800,800.87,17.16044922,35.52585449,88.9,264.56,1.14
2800,801.03,17.35869141,47.09832764,89,262.92,1.12
2800,901.91,17.2472858,0.067366002,101.2,262.15,0.92
2800,898.65,17.06943359,11.71071777,100.9,261.53,1.09
2800,898.7,16.56489632,23.41131162,100.5,261.11,1.23
2800,898.62,13.48613281,34.79696045,100.8,266.55,1.42
2800,901.68,13.61984057,47.93016432,101.3,266.97,1.85
2800,1002.14,14.80395508,0.04017334,113.7,260.37,1.23
2800,999.32,13.54504395,12.365979,113.5,259.92,1.37
2800,1000.32,13.56098633,24.10671387,113.4,258.15,1.24
2800,999.18,12.27650626,35.59837148,113,260.8,1.3
2800,1003.45,11.51058783,47.02834018,113.1,263.73,1.51
2800,1102.34,13.11030419,0.108262422,125.8,258.69,1.33
2800,1103.43,13.00129395,11.67478027,126,257.93,1.37
2800,1098.32,11.13299589,23.84206279,125.3,259.49,1.6
2800,1102.28,10.64258118,35.32120501,125.8,262.17,1.73
2800,1101.54,10.88458529,48.0242811,125.7,262.31,1.82
2800,1202.73,11.78963713,0.013595462,137.1,258.23,1.48
2800,1200.14,11.34584961,12.86707764,136.7,257.91,1.51
2800,1203.92,11.43950509,24.20390747,137.1,255.46,1.49
2800,1200.51,11.43449707,35.75567627,137.1,254.66,1.32
2800,1200.25,10.78818359,47.30123291,138.5,269.64,1.04
2800,1297.75,9.562964593,0.103041862,149.7,260.86,1.71
2800,1300.98,9.374511719,11.69001465,149.9,259.47,2.05
2800,1304.29,9.356587441,23.97505869,150.5,257,1.78
2800,1296.69,8.386206055,35.55845947,149.1,264.78,2
2800,1302.61,10.17903951,48.03922144,151.6,264.39,2.07
2800,1400.54,7.634976526,7.34E-05,162.4,272.47,1.21
2800,1399.79,7.993798828,12.04266357,163,267.11,1.4
2800,1402.45,8.215332031,24.1866333,162.7,263.32,1.15
2800,1398.83,8.303466797,35.74771729,161.8,262.93,1.11
2800,1402.06,9.091625977,47.16638184,162.8,269.06,1.45
2800,1502.05,6.468603286,0.088174883,175.4,269.12,1.68
2800,1498.79,6.635693359,11.67055664,175.3,267.84,1.62
2800,1496.92,6.115243545,23.65456279,175.3,268.37,1.56
2800,1499.65,5.0171875,35.19088135,175.2,274.84,1.36
2800,1499.24,7.672802734,48.09057617,174.7,274.19,1.24
2800,1698.2,3.863574219,0.076904297,199.5,293.34,1.63
2800,1700.91,3.120745305,11.6373973,200.1,295.27,1.83
2800,1700.41,3.193759781,23.53687402,200.5,289.02,1.55
2800,1695.79,1.578711854,34.95526457,199.4,309.26,1.38
2800,1701.8,5.172657473,48.16950313,200.2,307.22,1.27
2800,1782.85,1.580786133,0.089428711,210.5,325.93,1.62
2800,1791.73,1.546118164,11.66291504,211.2,314.94,2.02
2800,1806.51,0.916040039,23.50598145,213.4,313.07,1.71
2800,1791.52,0.494091797,34.93382568,210.9,325.23,1.51
2800,1766.91,2.386254883,48.08729248,209.2,335.23,1.43
,,,,,,
,,,,,,
3200,202.11,32.68442383,0.185766602,14,595.16,1.66
3200,197.15,33.23056045,15.32725694,13.4,609.4,1.54
3200,200.86,36.25820313,26.43648682,13.5,597.52,1.54
3200,201.16,45.60869141,35.9317749,12.4,634.03,4.08
3200,196.59,43.77271616,47.45473885,10.5,801.75,32.38
3200,297.06,28.22597656,0.154919434,25.9,414.51,1.24
3200,301.4,28.27993164,13.1918335,26.5,409.81,1.95
3200,302.24,29.84308979,24.71529,26.5,406.59,1.7
3200,296.66,34.25610352,35.88181152,25.7,404.67,1.7
3200,299.93,45.14550781,47.32694092,24.1,426.49,5.04
3200,400.85,24.91037598,0.042590332,38.1,358.09,1.2
3200,399.16,24.74598983,13.69175469,38.3,354.27,1.18
3200,401.65,25.24169922,24.07220459,38.6,352.63,1.04
3200,402.89,27.08731905,35.51918281,38.8,346.42,1.12
3200,399.75,31.13465865,47.00629646,37.9,343.54,1.27
3200,500.83,23.43278809,0.040625,50.9,320.23,0.99
3200,507.47,22.98952637,12.2642334,51.8,317.45,0.99
3200,501.43,23.46385955,23.93851477,51.3,317.07,0.89
3200,498.46,25.01093016,35.49025577,51,313.86,1.09
3200,501.63,28.21050959,47.08123044,50.6,308.92,1.09
3200,598.24,22.21403071,0.003423318,63.6,294.51,0.9
3200,595.75,22.76547852,12.20793457,63.7,295.2,1.16
3200,598.16,22.74448242,23.90692139,63.8,293.37,0.93
3200,598.47,24.11257825,35.33531397,63.9,288.72,1
3200,599.32,24.65285645,46.9574707,63.3,287.73,1.28
3200,698.29,22.39201878,0.06487187,75.9,278.28,0.86
3200,703.78,21.86561033,12.59319982,76.8,277.45,0.86
3200,699.85,22.02137128,24.17521273,76.4,275.22,0.85
3200,700.51,23.05751953,35.69044189,76.1,273.46,0.89
3200,700.04,23.83466797,47.32148438,75.8,272.1,1.02
3200,799.59,21.24206543,0.003942871,88.8,270.94,0.88
3200,798.97,20.68310547,5.995593262,88.9,270.71,0.8
3200,791.36,20.4302002,11.77486572,88.1,270.49,1.25
3200,797.34,20.94016113,24.08780518,88.8,267.72,0.95
3200,796.69,18.87443848,35.6213623,88.4,269.39,1.24
3200,798.53,17.23305664,47.21409912,88.3,271.36,1.89
3200,900.61,20.36921387,0.056640625,100.8,261.68,0.93
3200,903.37,20.79506836,12.37293701,101.2,260.38,0.79
3200,903.28,19.53995501,23.54293818,101.2,259.43,0.85
3200,900.77,17.79005282,34.87892459,100.8,260.29,1.09
3200,901.05,16.16577148,47.91690674,100.1,263.72,2.24
3200,1000.43,17.44001858,0.006015258,113.4,260.92,1.04
3200,999.53,15.88382727,12.24662559,113.4,261.43,1.15
3200,997.24,15.10318858,24.13045286,113.5,260.37,1.21
3200,1002.67,13.28361816,35.57952881,113.8,263.17,1.82
3200,1000.83,14.33008118,47.15356025,113.8,262.8,1.81
3200,1103.41,16.25620117,0.073779297,124.8,257.13,1.19
3200,1100.81,15.89881651,13.71137764,124.5,255.89,1.04
3200,1103.92,14.2413439,24.95201242,125.1,256.71,1.26
3200,1102.73,13.15732422,36.4145752,125.1,257.05,1.63
3200,1098.68,12.8510498,48.06021729,125.5,258.69,2.2
3200,1197.11,13.1545166,0.021691895,137.3,259.12,1.46
3200,1208.32,13.20473633,12.03917236,138.6,256.59,1.43
3200,1198.27,11.96429969,24.20292938,137.9,257.28,1.55
3200,1197.21,10.6826829,35.86318955,137.5,259.78,2
3200,1202.97,11.4988752,48.07983666,138.7,260.95,2.35
3200,1298.4,10.52997848,0.04396518,148.7,263.41,1.84
3200,1299.06,10.4234375,11.55609131,150,260.45,1.95
3200,1301.4,9.725097656,23.2864502,149.1,260.69,1.83
3200,1298.84,8.781054688,34.61240234,148.8,263.26,2.03
3200,1298.12,10.73688965,47.96918945,150.1,260.9,2.21
3200,1400.03,8.772436523,0.051281738,161.9,271.71,1.42
3200,1402.24,8.397765063,11.54034624,162.5,268.47,1.54
3200,1399.62,8.127518584,23.20744083,162.2,270.5,1.64
3200,1401.05,8.201879883,34.6802002,162.2,271.51,1.25
3200,1402.04,10.18696289,47.99013672,162.6,271.25,1.24
3200,1499.93,7.843310547,0.227038574,175,276.5,1.38
3200,1498.03,7.181827074,11.97073063,174.9,278.3,1.65
3200,1503.06,7.192341549,23.9962099,175.2,279.07,1.39
3200,1499.45,8.157788086,35.74857178,174.1,274.28,1.3
3200,1499.61,7.966402582,47.1926472,175.1,294.33,1.27
3200,1600.24,6.418158255,0.228897692,187.7,299.8,1.32
3200,1598.28,5.825463867,11.82138672,187.9,294.56,1.63
3200,1601.68,6.576660156,23.94188232,187.8,290.12,1.41
3200,1599.74,6.030883789,35.5543335,186.9,291.27,1.3
3200,1598.81,7.130151367,47.1428833,187.1,305.89,1.34
3200,1699.06,5.498046875,0.100317383,199.4,305.3,1.36
3200,1701.78,4.791079812,11.58469043,199.6,305.38,1.52
3200,1701.16,5.033496094,23.29610596,200.3,301.19,1.47
3200,1699.54,2.742993164,35.05928955,198.5,333.69,1.53
3200,1700.32,6.407617188,48.04501953,200.3,324.16,1.39
3200,1809.39,4.120117188,0.142956543,213.1,333.57,1.7
3200,1791.71,3.723535156,11.60411377,211.1,328.39,1.48
3200,1772.98,3.092356221,23.22750391,209.4,319.81,1.63
3200,1793.11,2.13293457,36.11994629,209.5,336.91,1.59
3200,1781.83,4.443945313,48.02321777,209.9,339.92,1.51
,,,,,,
,,,,,,
3600,299.81,27.18310547,0.060229492,25,439.62,1.3
3600,300.09,26.85810547,12.09376221,25,440.02,1.21
3600,300.69,29.60656738,23.81286621,25.2,434.29,1.53
3600,302.04,36.14800959,35.79619034,25.2,428.5,1.56
3600,299.82,44.56784668,47.75567627,22.4,466.25,3.91
3600,401.23,25.73781738,0.015075684,37.4,366.08,1.17
3600,400.88,25.57587891,12.04014893,37.7,363.18,1.17
3600,400.07,26.95493164,23.77279053,37.8,359.78,1.28
3600,401.95,32.47719727,35.74747314,38,354.43,1.67
3600,398.5,37.10332031,47.80036621,37,353.05,1.68
3600,500.14,24.26977539,0.017077637,50,325.9,1.09
3600,500.78,23.98605957,12.19608154,50.3,326.75,1.17
3600,501.22,25.25964355,23.91126709,50.4,324.43,1.32
3600,497.71,29.17695313,35.67418213,50.2,320.38,1.91
3600,498.59,32.94504395,47.71807861,49.9,317.35,2.1
3600,599.81,23.19195031,0.02397545,62.3,304.69,0.98
3600,598.11,22.49474276,12.29934468,62.4,304.62,1.18
3600,596.55,23.69577637,23.90255127,62.4,302.36,1.19
3600,596.09,26.51210938,35.75058594,62.3,299.14,1.42
3600,599.19,30.23493652,47.73946533,62.9,294.1,1.57
3600,701.72,22.625,0.036401367,75.2,288.44,0.89
3600,701.64,21.60407715,12.17318115,75.2,287.75,1.01
3600,697.46,22.57646484,23.81140137,74.7,287.02,1.03
3600,703.48,25.53450215,35.91316999,75.4,283.59,1.23
3600,701.72,25.19543457,47.7296875,75.3,281,1.75
3600,797.42,21.3215332,0,87.5,276.04,1.04
3600,798.38,20.94123535,12.14929199,87.4,276.08,0.96
3600,799.63,21.021875,23.75465088,88,274.38,1.17
3600,803.05,21.55893555,35.72287598,88.1,272.94,1.42
3600,799.8,20.43518066,47.73929443,87.7,275.62,1.92
3600,899.63,20.54611698,0,99.9,267.08,1.03
3600,900.64,20.17861328,12.04052734,100,266.97,0.92
3600,902.63,16.74294434,23.79989014,100.3,268.23,1.3
3600,903.35,17.08771029,35.81970119,100.8,269.34,1.83
3600,903.96,16.98068271,47.66094484,100.5,271.09,1.76
3600,998.84,18.70593262,0,112.2,262.82,1.09
3600,998.93,18.4994873,12.1859375,112.2,261.79,1.16
3600,1001.29,15.36550293,23.78670654,112.4,264.34,1.49
3600,1000.88,14.8858079,35.77704421,112.7,265.64,1.71
3600,1001.08,16.74182129,47.76572266,113,263.03,1.77
3600,1101.59,16.47924805,0.000268555,125,260.31,1.49
3600,1102.35,16.6589642,12.21077856,124.6,259.05,1.26
3600,1097.64,12.95757531,23.75515943,123.9,263.25,1.46
3600,1098.48,12.66467285,35.76873779,124.9,264.64,1.87
3600,1098.21,15.63324041,47.76198161,124.9,259.35,1.66
3600,1201.5,13.8221831,0.001271518,136.8,261.41,1.53
3600,1199.41,14.93175372,12.1419332,136.6,257.39,1.51
3600,1203.27,12.62377739,23.72581671,136.7,259.91,1.6
3600,1201.24,10.82583008,35.76691895,137,264.71,2.08
3600,1198.19,12.65458984,47.718396,136.8,261.52,1.73
3600,1299.11,12.12514671,0.00183392,148.6,262.34,1.86
3600,1297.93,13.24650333,12.15900088,148.3,257.33,1.72
3600,1299.89,12.0935791,23.80688477,148,257.72,1.53
3600,1303.73,10.53039551,35.77302246,148.7,262.49,1.9
3600,1298.92,12.23779297,47.75426025,149.2,259.22,1.88
3600,1397.65,10.69265137,0.002734375,161.7,276.69,1.34
3600,1401.13,11.24161287,11.98085387,161.2,269.56,1.21
3600,1400.78,10.45786874,23.7497188,161.2,268.23,1.21
3600,1399.81,11.30927734,35.79038086,161.5,265.05,1.02
3600,1403.46,11.23393555,47.75966797,163,270.33,1.1
3600,1503.48,7.884463028,0.002078443,174.7,297.72,1.37
3600,1499.18,9.827392578,12.07285156,173.4,276.58,1.24
3600,1498.29,8.862182617,23.78009033,173.3,279.58,1.28
3600,1498.9,9.296630859,35.81254883,174.2,282.91,1.15
3600,1503.03,10.7091252,47.79849138,174.7,275.94,1.15
3600,1597.29,7.322045898,9.77E-05,186.4,310.13,1.46
3600,1603.35,8.841573748,11.92520051,186.6,301.39,1.16
3600,1601.29,7.915454102,23.78658447,186.1,290.87,1.24
3600,1598.82,6.264524648,35.78930702,186.3,313.94,1.38
3600,1604.02,9.932299805,47.67723389,187,289.78,1.04
3600,1701.59,6.515893555,0,199.2,322.45,1.42
3600,1700.01,6.366392801,12.13190777,198.8,313.28,1.64
3600,1696.21,7.109594727,23.73665771,198,303.12,1.38
3600,1697.57,7.018412559,35.68058001,198,310.39,1.29
3600,1699.37,8.788745117,47.77404785,198.5,301.29,1.08
3600,1794.98,5.950948748,0.000195618,210.7,329.76,1.8
3600,1802.65,5.52277832,12.21331787,210.9,315.05,1.58
3600,1800.85,5.4265625,23.74973145,210.8,316.38,1.59
3600,1812,5.151416016,35.73771973,211.5,318.52,1.48
3600,1789.92,7.637670898,47.76218262,209.5,312.58,1.64
,,,,,,
,,,,,,
4000,297.43,27.3739241,0,23.5,462.34,1.6
4000,302.32,28.11125488,12.23657227,24.1,458.47,1.54
4000,298.69,32.12025626,23.84513155,23.5,461.59,1.86
4000,301.49,40.18701172,35.74313965,23.8,452.1,2.44
4000,303.01,44.49860622,47.73728482,24,451.19,6.45
4000,399.44,26.79531005,0,36.3,376.26,1.36
4000,402.56,25.55454102,12.16793213,36.7,375.29,1.41
4000,401.71,27.9701416,23.91542969,36.6,371.97,1.58
4000,398.11,34.38793525,35.74153951,36.1,369.52,2.55
4000,399.99,41.64904785,47.75006104,36.8,359.19,3.1
4000,500.22,25.92441406,0.011962891,49.7,333.01,1.53
4000,502.03,24.89267578,11.92781982,49.5,334.49,1.37
4000,504.22,25.60209961,23.73061523,49.6,331.17,1.76
4000,500.98,31.29631348,35.75960693,49.3,326.41,1.74
4000,500.72,36.48430176,47.77918701,49.6,320.77,2.46
4000,600.57,25.06311035,9.77E-05,62.2,308.71,1.31
4000,599.76,24.30009766,12.09124756,61.7,309.25,1.21
4000,597.81,24.63813477,23.77904053,61.6,307.51,1.42
4000,601.69,27.76306152,35.72606201,62,304.03,1.67
4000,599.77,32.75068359,47.75723877,62.2,298.52,1.76
4000,699.4,24.5625,0,74.6,290.76,1.27
4000,701.61,23.59436131,11.93337979,74.6,291.12,1.25
4000,699.61,23.66571303,23.75585632,74.3,290.03,1.49
4000,701.7,25.63166504,35.76192627,74.8,286.77,1.52
4000,702.34,28.5916471,47.8483348,74.9,283.14,1.55
4000,799.61,23.37700509,0.001124804,87,278.82,1.28
4000,797.99,22.21479492,12.05446777,86.6,279.57,1.25
4000,798.89,22.34455566,23.78919678,86.5,277.91,1.14
4000,800.58,22.57563477,35.7524292,87,275.43,1.32
4000,799.99,24.26577148,47.76674805,87.2,275.31,1.61
4000,899.11,22.37201682,0.083308881,99,269.52,1.1
4000,898.78,21.4262275,11.78313282,98.8,269.58,1.13
4000,899.5,20.22838419,23.86138009,98.5,269.94,1.23
4000,901.81,20.30220559,35.7629597,99.7,267.69,1.32
4000,900.85,21.23168525,47.80621577,100.1,266.72,1.53
4000,1005.49,20.58144531,0,112.1,263.9,1.43
4000,1003.23,19.74017019,11.73743153,111.8,263.78,1.28
4000,1004.11,17.9983617,23.72194102,112,264.62,1.42
4000,1004.06,16.60070801,35.81152344,112.4,265.22,1.38
4000,1005.98,18.2122457,47.80196107,112.8,263.84,1.35
4000,1099.95,18.60131836,0,124.1,260.49,1.23
4000,1104.09,18.26520931,11.90985671,124.1,260.68,1.24
4000,1101.74,15.2338623,23.84300537,123.4,263.16,1.53
4000,1101.31,15.17163086,35.734375,124.1,263.09,1.62
4000,1104.16,15.57619629,47.80860596,124.6,263.81,1.65
4000,1198.74,16.68066406,0,136.1,258.83,1.51
4000,1200.77,15.32646225,11.95740415,135.5,260.04,1.53
4000,1203.31,13.48476563,23.78327637,135,262.98,1.69
4000,1203.43,12.91577148,35.79155273,135.7,263.98,1.47
4000,1199.99,14.23009585,47.81269562,135.8,262.11,1.54
4000,1299.23,14.58835449,0,148.6,267.93,1
4000,1300.68,14.11188965,11.84864502,148.5,270.96,0.86
4000,1297.93,12.21728516,23.79008789,147.6,274.41,1.2
4000,1298.28,11.50183105,35.78205566,148.7,272.36,1.12
4000,1301.24,13.30793457,47.79609375,150,270.08,1.04
4000,1398.92,12.40109863,0,161.2,280.64,1.16
4000,1402.2,11.71650039,11.81295237,160.5,282.95,1.11
4000,1397.36,11.02944053,23.73362921,159.1,280.52,1.17
4000,1404.16,11.12419308,35.77517361,162.3,287.85,0.97
4000,1397.18,11.81399159,47.80935788,162.2,278.82,1.15
4000,1500.69,11.49780273,0,173.2,294.07,1.16
4000,1496.73,11.34925176,12.03792547,172.7,286.36,1.17
4000,1499.96,9.890820313,23.77827148,173.3,296.43,1.38
4000,1498.25,11.16696777,35.74199219,174.3,286.92,0.95
4000,1500.53,10.34606934,47.80227051,174.9,290.59,1.23
4000,1599.96,9.32097168,0,185.9,312.26,1.29
4000,1600.67,7.973144531,11.95914307,185.5,315.33,1.45
4000,1601.62,7.972026604,23.75078247,185.9,316.85,1.43
4000,1604.81,8.524169922,35.68201904,186.6,302.02,1.37
4000,1598.97,8.400488281,47.86519775,186.6,307.94,1.41
4000,1811.74,7.439578443,0,211.1,340.31,1.54
4000,1798.66,6.280198552,12.12661385,209.3,341.18,1.64
4000,1805.4,6.07198748,23.72321254,210.4,335.29,1.82
4000,1797.93,5.973420383,35.76271518,210.5,333.23,1.81
4000,1787.98,5.97241784,47.75155272,209.9,338.32,2.15
,0,0,0,,,0
,0,0,0,,,0
4400,299.17,28.95723298,0,23.2,476.68,2
4400,297.59,28.66047363,12.16115723,23,481.71,1.97
4400,300.78,30.43515625,23.74393311,23.2,476.92,2.47
4400,299.36,40.4630127,35.79468994,22.9,474.77,3.72
4400,304.38,45.06071777,47.76733398,24.2,472.85,10.42
4400,399.72,27.7327856,0,36.2,387.07,1.8
4400,401.77,26.19428711,12.18413086,36.2,385.81,2.07
4400,401.55,27.43632813,23.86981201,36,383.32,1.79
4400,399.66,33.74740806,35.754866,35.5,380.12,2.96
4400,398.11,44.70712891,47.79051514,35.4,378.84,4.71
4400,502.34,26.86106221,0,49.1,340.76,1.36
4400,496.56,24.79499512,12.16563721,48.1,343.92,1.65
4400,500.62,25.87407227,23.75322266,48.3,339.65,1.6
4400,497.48,30.29648438,35.70170898,48,336.57,1.95
4400,501.54,35.35783451,47.782277,48.3,332.18,3
4400,601,25.95046387,0,61.4,313.93,1.47
4400,597.73,23.54755859,12.00817871,60.7,316.55,1.55
4400,598.95,24.8770752,23.828479,60.8,313.54,1.56
4400,597.15,28.1092041,35.7347168,60.4,310.3,1.66
4400,604.48,33.91000977,47.79157715,60.9,305.58,1.63
4400,695.97,23.94268388,0,73.2,296.78,1.32
4400,698.29,23.21875,12.07131348,72.9,297.61,1.41
4400,700.07,23.82746582,23.75306396,73.2,295.43,1.34
4400,700.17,24.74102602,35.76776457,72.9,293.53,1.38
4400,698.08,28.86848145,47.77331543,72.5,290.47,1.68
4400,801.22,23.03574219,0,85.7,284.7,1.18
4400,799.97,22.630893,12.02681191,85.5,284.42,1.14
4400,801.03,22.34299198,23.79225352,85.4,283.4,1.26
4400,800.75,22.7289955,35.74550078,85.3,281.91,1.26
4400,803.01,25.85029297,47.76468506,85.6,280.21,1.62
4400,900.98,23.12742077,0,97.9,274.44,1.12
4400,900.07,21.9298584,11.94063721,97.6,274.91,1.18
4400,899.77,19.15532227,23.77442627,97.6,275.44,1.34
4400,896.68,21.15915982,35.74695569,97,274.32,1.38
4400,898.6,24.04257813,47.76500244,97.2,272.55,1.56
4400,1000.24,21.21274414,0.212658691,109.9,269.98,1.2
4400,1002.41,20.05324707,11.92532959,109.9,269.34,1.13
4400,1000.89,19.45141334,23.74355683,109.6,269.65,1.3
4400,1001.54,17.74990234,35.75445557,109.4,270.82,1.37
4400,1000.54,20.83284429,47.78213028,109.2,267.97,1.41
4400,1101.82,19.27416992,0.219616699,122.2,264.13,1.34
4400,1102.44,18.54265137,11.94349365,122.1,264.48,1.31
4400,1101.8,17.75780027,23.74493838,121.8,265.25,1.32
4400,1099.37,15.15698242,35.79451904,120.7,269.26,1.4
4400,1102.49,17.31824628,47.73949775,121.8,265.81,1.44
4400,1197.38,15.5350401,0.183526506,134.7,275.31,1.05
4400,1201.02,17.06831964,11.86853237,134,262.46,1.36
4400,1200.83,15.61455078,23.81455078,133.4,264.61,1.48
4400,1199.9,14.84516602,35.78494873,132.8,264.39,1.51
4400,1198.06,16.09572754,47.75866699,133.5,263.37,1.65
4400,1298.82,15.5125,0.222094727,147.5,284.91,0.9
4400,1303.84,15.72810059,11.99688721,147.6,274.82,0.8
4400,1302.94,15.0909668,23.84110107,147,276.41,0.87
4400,1303.24,14.71269531,35.72636719,147.1,279.01,0.94
4400,1304.21,15.83210449,47.8006958,147.8,274.57,0.85
4400,1402.76,13.67830595,0.190165297,160.4,290.86,1.01
4400,1398.57,14.70021973,11.9541748,159.4,282.27,0.93
4400,1397.01,12.92504883,23.72467041,158.7,285.59,1.09
4400,1402.11,12.70800781,35.78792725,159.1,285.88,0.92
4400,1398.28,14.17954102,47.81171875,159.6,281.52,1.22
4400,1502.16,10.65739746,0.175646973,172.5,311.74,1.31
4400,1501.54,9.795849609,11.86259766,172.1,325.2,1.31
4400,1500.19,11.17102051,23.87088623,172.1,315.66,1.52
4400,1499.47,10.68630371,35.82915039,171.2,306.27,1.26
4400,1498.45,13.89673807,47.79861111,171.9,285.92,0.93
4400,1604.77,9.708088811,0.14530761,184.9,325.17,1.53
4400,1605.24,8.328491211,11.79871826,184.9,336.88,1.5
4400,1607.43,8.093358764,23.79468652,184.8,334.47,1.6
4400,1603.58,8.492871094,35.81953125,183.8,324.94,1.29
4400,1605.77,11.20236816,47.78394775,184.6,306.12,1.27
4400,1700.45,8.956518555,0.000244141,197.6,336.12,1.64
4400,1700.35,8.481274414,11.7831543,196.4,331.11,1.39
4400,1699.02,8.087490219,23.77711757,196.2,329.14,1.53
4400,1704.73,9.454858398,35.83681641,195.7,315.39,1.25
4400,1699.64,10.59223396,47.83590082,197.8,342.33,1.78
4400,1809.58,7,0,211.2,370.16,1.86
4400,1822.07,7.382775822,12.01420677,211.2,361.82,1.62
4400,1811.21,6.483666992,23.73869629,210.3,354.51,1.8
4400,1820.19,4.541128717,35.81185201,211.5,381.02,2.53
4400,1789.28,4.986844679,47.71958138,210.7,393.52,3.55
,,,,,,
,,,,,,
4800,303.11,28.91502424,0,22.5,503.34,1.97
4800,300.05,28.41499554,12.07547906,22.1,510.14,3.06
4800,301.62,29.48708895,23.8040156,22.1,505.85,2.71
4800,302.47,35.23554688,35.78901042,21.8,500.94,2.39
4800,303.52,44.80612362,47.73010972,17.7,602.71,5.49
4800,398.96,26.96374368,0,34.8,403.94,1.61
4800,401.41,26.18181818,12.24412697,34.6,404.3,1.48
4800,399.73,27.23637748,23.833794,34.4,403.02,1.68
4800,395.87,30.03461372,35.76548937,34.1,399.1,1.75
4800,397.51,40.7893053,47.74637226,31.8,413.63,2.13
4800,496.47,25.70190151,0.006525285,46.6,356,1.49
4800,501.03,24.9173805,12.16600571,47.1,354.6,1.42
4800,502.35,25.44930959,23.86668137,47,352.5,1.17
4800,500.8,27.87773438,35.7945452,46.7,348.7,1.28
4800,499.83,35.78498411,47.79205508,46.3,343.58,1.23
4800,597.81,24.19819668,0,59,325.83,1.16
4800,598.94,23.62153646,11.96450521,58.8,326.66,1.08
4800,602.5,23.65537281,23.77201206,59.1,324.96,1.08
4800,598.5,25.79984458,35.8133881,58.5,321.08,1.13
4800,599.98,32.59770081,47.74009327,58.9,315.06,1.3
4800,703.31,23.50528971,0,72,305.19,1.19
4800,700.58,23.27315948,11.89090302,71.4,306.93,1.41
4800,700.92,23.11927371,23.77904869,71.2,305.33,1.05
4800,696.06,22.7759214,35.80911412,70.8,306.86,4.88
4800,703.3,28.09727738,47.74431699,70.8,299.11,1.39
4800,801.09,22.94775391,0,84,290.91,0.96
4800,800.6,22.3435878,12.11706585,83.6,291.54,1.05
4800,800.38,22.26655214,23.78718096,83.8,290.67,0.94
4800,798.79,22.27289604,35.81573587,83.3,287.88,0.99
4800,799.24,26.18538272,47.79284145,83.7,285.48,1.14
4800,901.44,22.61721389,0,96.3,281.35,1.07
4800,899.11,22.04535189,12.13675158,95.9,281.48,1.01
4800,904.52,20.07016729,23.79093576,96.1,282.57,1.08
4800,902.41,18.48783827,35.82930627,95.5,284.67,1.47
4800,898.42,21.97244221,47.78490208,95.6,281.02,1.5
4800,1003.23,20.52781883,0,108.3,293.19,1.08
4800,1000.56,21.1980897,12.06813227,108.1,276.79,1.08
4800,1000.97,18.86525062,23.78100302,107.9,309.13,1.17
4800,1001.95,16.3261239,35.83500548,107.3,286.23,1.49
4800,1001.76,20.11714688,47.79270472,107.5,264.42,1.29
4800,1099.81,19.37873462,0,122.1,291.28,0.79
4800,1097.61,19.35194762,0,121.7,280.86,0.81
4800,1099.23,20.44316536,11.89984737,121.3,275.81,1.22
4800,1098.95,18.77907038,23.75393908,121.2,278.15,0.82
4800,1098.97,17.7698151,35.7967939,121.3,283.95,0.92
4800,1104.42,18.88004211,47.82903923,121.4,281.41,0.96
4800,1202.71,17.10728981,0,134.9,291.46,0.88
4800,1203.76,18.34706014,11.92402098,134.2,282.21,0.74
4800,1198.05,17.67731889,23.7599063,133.8,282.91,0.85
4800,1204.05,16.4124642,35.81967318,134,287.74,0.94
4800,1197.08,17.33527024,47.82877836,133.1,285.05,0.9
4800,1303.63,16.14033725,0,147.2,296.6,0.9
4800,1300.35,17.22691697,11.94278868,146.2,285.19,0.8
4800,1298.9,14.53499694,23.8010935,146.9,291.31,1.03
4800,1301.27,13.63438549,35.79766149,146.8,296.15,1.1
4800,1301.02,15.86959024,47.83674321,146.1,289.21,1.02
4800,1791.01,8.984769701,0,207.5,353.34,1.85
4800,1810,7.956719484,11.79938136,209.1,357.86,1.68
4800,1815.83,8.418212891,23.77322998,210.7,355.28,1.68
4800,1804.17,6.869058099,35.82832062,208.9,377.07,2.68
4800,1814.35,7.940673828,47.81661377,209.1,367.26,3.31
,,,,,,
,,,,,,
5200,298.66,29.52220266,0,20.5,545.87,1.74
5200,295.53,29.00976563,11.98934326,19.9,557.8,1.66
5200,299.57,30.36921387,23.76781006,20.4,544.24,1.79
5200,301.47,34.19207257,35.81924883,20.5,531.93,2.7
5200,301.78,44.29641041,47.78482003,17.4,610.52,4.09
5200,404.96,27.50776367,0,33.5,419.95,1.37
5200,401.88,26.6779541,12.1597168,33,424.26,1.44
5200,402.03,27.50695801,23.75168457,33.1,420.45,1.56
5200,402.83,29.57011719,35.73911133,33,411.08,1.77
5200,402.86,44.05319824,47.7456665,33.1,403.7,1.61
5200,502.69,25.87421875,0,45.4,365.8,1.25
5200,501.27,25.51806641,12.03260498,45.3,365.99,1.17
5200,499.92,25.50449219,23.73319092,44.9,365.64,1.36
5200,498.95,27.67878418,35.75273438,44.8,359.62,1.33
5200,500.42,33.41138498,47.75465816,45.4,349.72,1.7
5200,601.37,25.46075411,0,57.8,332.22,1.17
5200,600.28,24.0495892,11.77602944,57.4,334.35,1.29
5200,598.2,24.45949707,23.83387451,57.1,332.81,1.09
5200,598.79,26.96091309,35.82218018,57.2,327.65,1.4
5200,600.42,30.88458529,47.7556118,58.1,319.97,1.66
5200,702.42,24.58869629,0,70.3,311.01,1.15
5200,700.99,23.5605957,11.97264404,69.9,311.83,1.09
5200,699.63,23.93894043,23.76783447,69.8,310.73,1.09
5200,702.73,25.00068466,35.90886639,70,308.27,1.4
5200,697.08,29.0220459,47.79202881,70.4,301.12,1.72
5200,802.09,23.41688674,0,82.4,296.97,1.07
5200,797.58,23.0916471,12.07767263,81.9,297.28,1.16
5200,799.35,23.44632727,23.72244229,82.1,295.56,1.08
5200,801.72,24.60959473,35.72718506,82.3,292.91,1.05
5200,798.14,25.61730957,47.75255127,82.4,290.11,1.36
5200,898.55,22.63039551,0,94.4,286.01,1.05
5200,901.08,22.48149414,12.22252197,93.9,286.25,1.03
5200,903.18,21.89758301,23.73891602,94.6,286.77,1.06
5200,899.27,20.69672852,35.70897217,94.1,287.17,1.38
5200,901.54,21.44213867,47.81773682,94.6,284.68,1.49
5200,1000.08,21.1675714,0,107.1,285.97,0.77
5200,999.13,21.03818359,12.26727295,107,284.86,0.81
5200,1000.63,21.06376953,23.76037598,107.1,284.59,0.78
5200,998.64,19.52291178,35.76498924,106.9,286.84,0.87
5200,1003.29,20.49003906,47.86025391,108.6,288.13,0.83
5200,1099.98,19.66801758,0,119.7,294.82,0.75
5200,1102.02,20.23913574,11.7861084,119.7,289.15,0.73
5200,1097.59,18.89766725,23.7707722,119,291.41,0.85
5200,1099.49,18.51259766,35.76236572,119.3,290.67,0.8
5200,1098.45,19.01173709,48.07734253,119.7,294.42,0.84
5200,1202.14,17.1635498,0,132,305.95,0.86
5200,1202.57,19.20610352,12.00133057,131.8,286.87,0.73
5200,1198.84,17.68202269,23.76842478,131.2,293.16,0.89
5200,1204.33,17.78239746,35.78083496,132.1,293.07,0.8
5200,1200.28,18.79748535,47.77984619,132.2,292.5,0.85
5200,1302.35,16.14460449,0,144.1,308.13,1.01
5200,1300.9,15.27039319,11.9385759,143.7,312.93,0.97
5200,1300.94,16.57937012,23.77502441,143.9,307.24,0.9
5200,1299.14,14.103125,35.76196289,143.8,324.09,1.99
5200,1300.45,16.59067383,47.81558838,144,296.33,1.01
5200,1696.82,10.98161189,0,193.9,356.75,1.68
5200,1701.27,10.99082031,11.78442383,193.2,347.05,1.48
5200,1703.12,9.992688772,23.8076829,194.1,358.85,1.76
5200,1689.48,9.489379883,35.76977539,192.6,361.31,1.99
5200,1683.25,11.98804284,47.7852724,192,364.01,1.99
,,,,,,
,,,,,,
5600,301.26,31.18425293,0,19.2,593.74,2.04
5600,299.82,30.12399902,11.73822021,19.1,595.14,1.92
5600,295.26,30.70354004,23.74279785,18.3,607.1,1.99
5600,298.5,34.20371185,35.73173415,18.7,589.3,2.31
5600,300.25,45.27513693,47.76535603,18.8,577.62,3.99
5600,399.81,28.18796459,0.000122261,31.9,441.84,1.59
5600,403.86,27.2058392,12.04079861,32.4,438.1,1.72
5600,397.31,27.65808105,23.83731689,31.4,443.81,1.89
5600,397.94,30.45036189,35.77442782,31.7,433.84,1.8
5600,401.53,36.88203125,47.75095215,32.3,420.3,2.34
5600,500.32,26.86855469,0,44.1,376.98,1.34
5600,501.57,25.7550293,11.91572266,44.4,377.48,1.32
5600,502.04,26.38845215,23.7604126,44.4,374.77,1.33
5600,503.76,28.01557617,35.75545654,44.7,369.06,1.53
5600,499.7,32.7296875,47.73000488,44.5,361.77,1.6
5600,600.37,26.12566021,0,56.7,340.62,1.31
5600,601.83,24.87223256,12.07488,56.4,342.63,1.29
5600,600.8,25.50002441,23.76519775,56.7,339.43,1.25
5600,601.18,26.8281739,35.77457453,56.8,334.87,1.31
5600,598.08,29.6427768,47.71972809,57,329.51,1.63
5600,701.4,24.8355957,0,68.9,317.87,1.16
5600,696.53,24.28748533,12.18724325,68.4,319.73,1.21
5600,699.94,24.17356221,23.83125489,68.7,319.12,1.27
5600,697.43,24.56999512,35.81671143,68.5,317.32,1.99
5600,701.76,27.74992676,47.76883545,69.5,310.13,1.48
5600,800.71,23.90126953,0.0125,81,303.06,1.19
5600,803.32,23.24775039,11.8561473,81.2,304.69,1.24
5600,800.41,23.16662598,23.7802002,80.7,304.86,1.34
5600,797.88,22.60966797,35.79788818,79.9,305.98,1.35
5600,801.16,23.82329102,47.76289063,80.8,300.76,1.58
5600,902.02,22.89418945,0,94,304.58,0.75
5600,902.7,22.63972168,11.80614014,94.1,301.23,0.8
5600,898.39,22.32988281,23.7163208,93.5,305.7,0.75
5600,896.17,22.22295579,35.84225841,93.7,308.82,0.84
5600,904.51,22.52120012,47.80188772,94.9,301.49,0.91
5600,999.62,20.71674491,0,105.6,313.08,0.77
5600,999.95,22.03144531,11.97669678,105.8,305.6,0.75
5600,999.65,21.0864502,23.76434326,105.7,306.38,0.74
5600,1000.47,18.1707991,35.83345559,106.5,313.56,1.2
5600,1002.18,19.95744629,47.76936035,106.6,303.25,0.93
5600,1097.2,18.67653809,0,117.6,315.35,0.89
5600,1100.6,19.86875,12.11369629,117.8,306.4,0.78
5600,1101.48,18.38691406,23.77996826,118.3,314.04,0.83
5600,1100.11,19.10375977,35.84686279,118.7,309.54,0.93
5600,1099.26,18.62873535,47.81190186,119.1,306.31,0.96
5600,1205.39,18.08781738,0,130.4,321.34,0.82
5600,1203.77,16.84555664,12.1770874,130.5,324.1,0.99
5600,1201.99,17.25100098,23.75456543,130.4,318.56,0.83
5600,1203.83,16.1244376,35.84709996,131.5,322.99,1.31
5600,1201.54,17.92399902,47.83151855,131.7,304.64,0.94
5600,1301.69,17.42436523,0,141.9,325.93,0.91
5600,1298.77,16.48293232,12.05897887,141.5,320.18,0.98
5600,1298.14,13.82868652,23.79291992,141.9,338.02,1.26
5600,1302.46,12.85301741,35.84341989,143.1,350,1.63
5600,1302.08,17.33779297,47.79049072,143.5,309.74,0.88
5600,1620.6,12.26381836,0,180.2,365.84,1.52
5600,1627.61,12.3920166,11.84554443,179.9,354.16,1.28
5600,1610.02,12.40627441,23.77314453,179.1,356.4,1.6
5600,1587.36,12.0536377,35.83892822,178.8,378.11,2.17
5600,1585.43,12.5588623,47.665979,179.3,364.33,2.2
4400,1200.11,16.21483764,0.060849472,134.8,268.22,1.05
4400,1202.24,15.7030761,11.79537119,134.8,270.37,0.98
4400,1203.15,14.79704617,23.79055409,134.5,271.85,1.17
4400,1203.9,13.81658353,35.78118887,134.2,274.37,0.96
4400,1199.26,16.14008789,47.81119385,134.2,267.56,1.02
4400,1298.85,15.39859644,0.075496381,147.3,279.61,0.98
4400,1298.23,15.2864502,12.11259766,146.5,274.83,0.88
4400,1300.32,14.31584473,23.73234863,146.7,274.11,0.94
4400,1300.85,13.18969727,35.77921143,146.9,279.16,1.07
4400,1301.44,14.4151123,47.80883789,146.9,275.22,0.99
4400,1400.87,13.12980957,0.075793457,160,292.17,1.13
4400,1403.1,13.08969092,11.99493838,159.6,289.26,0.96
4400,1397.12,12.55234375,23.78536377,159.2,290.58,1.21
4400,1402.4,12.8016921,35.79325606,159,288.33,0.88
4400,1400.29,12.72104492,47.84361572,159.6,289.9,1.48
4400,1496.83,10.2710045,0.008961757,172,317.19,1.37
4400,1499.9,8.889891432,11.89825411,171.5,320.49,1.41
4400,1499.83,11.16523438,23.75561523,171.2,298.26,1.33
4400,1497.95,10.57810055,35.79259585,171.1,303.1,1.31
4400,1501.12,11.67943075,47.77734986,171.5,300.77,1.12
4400,1608.64,8.650601526,0.001406005,185,332.74,1.56
4400,1608.04,8.941583529,12.10202709,184.5,330.54,1.39
4400,1606.72,9.01472168,23.73101807,184.7,321.1,1.35
4400,1604.64,9.26141921,35.80171655,183.8,316.12,1.31
4400,1611.76,9.102392578,47.81217041,184.9,322.37,1.55
4400,1703.75,8.816210938,0.002026367,197.2,343.76,1.57
4400,1704.63,7.590136719,12.0769165,195.8,335.82,1.43
4400,1702.59,8.226794797,23.7241784,196.2,333.38,1.45
4400,1698.42,7.102430556,35.79586023,194.9,337.06,1.69
4400,1698.7,8.118984742,47.81290346,196,341.98,2.04
4400,1818.32,6.988825313,0,211.1,365.88,1.9
4400,1844.11,6.989501953,12.0708252,212.8,347.45,1.45
4400,1833.34,6.98918457,23.74439697,212.1,347.49,1.76
4400,1831.46,5.986428991,35.8178795,210.6,350.74,2.07
4400,1805.56,7.985400391,47.76802979,210,350.95,2.81
4800,1200.89,17.27905273,0,133.5,294.78,0.79
4800,1199.69,16.42336426,11.97004395,133,292.73,0.85
4800,1202.75,16.32094727,23.77657471,133.4,288.18,0.79
4800,1202.05,15.28848787,35.81986013,133.9,286.53,1.01
4800,1201.06,15.93591309,47.81287842,133.8,287.77,1.03
4800,1299.71,16.19060544,0,145.9,291.37,0.97
4800,1302.7,14.80352602,12.03592038,145.9,296.5,0.97
4800,1303.56,14.70368652,23.77053223,145.8,290.46,0.92
4800,1299.04,13.64959898,35.80432072,145.5,297.78,1.24
4800,1300.78,14.7198748,47.84395784,145.7,291.99,1.06
4800,1399.21,11.99963322,0,158.4,329.45,1.53
4800,1401.64,12.99992676,11.8418457,158.1,302.23,1.12
4800,1402.52,12.99992676,23.77475586,158.2,313.56,1.12
4800,1401.78,12.99633216,35.74673562,157.9,307.16,1.23
4800,1402,14,47.80817195,158.1,300.15,1.01
4800,1501.97,12.97943564,0,171.1,318.93,1.09
4800,1500.43,13,11.80864877,170.3,316.01,1.44
4800,1501.51,12.99941315,23.81133852,170.4,305.79,1.11
4800,1504.14,11.99933979,35.84180604,170.1,313.46,1.03
4800,1501.09,13,47.85869141,171,313.03,1.14
4800,1607.4,10.61499902,0,184.1,340.27,1.35
4800,1609.54,11.38417969,11.90950928,183.5,326.27,1.29
4800,1605.49,11.33861502,23.79293818,182.8,323.29,1.2
4800,1603.74,11.15092773,35.86895752,182.2,320.87,1.21
4800,1602.51,11.58587637,47.82794161,183.8,335.03,1.73
4800,1704.16,10.04599472,0,195.6,345.05,1.45
4800,1702.32,9.932267214,12.49045139,195.5,343.7,1.52
4800,1704.89,9.9040982,23.74465718,194.9,338.03,1.45
4800,1698.31,8.551879883,35.88344727,195,356.11,1.79
4800,1701.57,8.298339844,47.8814209,196.4,390.18,2.88
4800,1801.9,8.006176758,0,208.8,374.76,1.89
4800,1821.16,7.86250489,12.3081475,209.9,374.56,1.87
4800,1815.9,8.414868164,23.78435059,209.7,373.18,1.96
4800,1814.4,7.777954102,35.83874512,209.9,377.44,2.34
4800,1731.4,9.238574219,47.77994385,200.3,385.24,2.69
5200,1200.71,17.3513302,0,130.9,303.06,0.84
5200,1202.3,16.40744629,11.74161377,130.7,309.5,0.86
5200,1198.95,15.92397461,23.7743042,130.3,309.19,0.88
5200,1200.58,15.88486328,35.79835205,131.2,308.19,0.97
5200,1197.31,15.9484375,47.82937012,131.5,308.58,1.12
5200,1297.86,15.36621094,0,142.6,315.88,1.05
5200,1299.81,16.246875,12.06739502,142.5,305.81,0.82
5200,1300.14,15.75913086,23.78658447,142.6,311.77,0.82
5200,1303.03,13.11811523,35.82741699,143.8,324.27,1.28
5200,1300.51,16.26545383,47.84079128,143.9,314.62,0.93
5200,1402.17,13.02658691,0,155.6,332.68,1.26
5200,1400.49,14.43278809,12.0269043,154.5,317.86,1.06
5200,1396.74,14.45605927,23.79616588,154.3,317.61,1.1
5200,1399.73,12.7361084,35.79665527,156.3,326.87,1.21
5200,1400.8,15.45947266,47.84006348,155.6,319.06,1.01
5200,1499.12,12.15962441,0,168.3,342.09,1.44
5200,1499.69,11.3010498,11.82641602,167.3,344.83,1.44
5200,1499.14,11.31784668,23.78814697,167.5,339.1,1.4
5200,1502.38,11.43122559,35.85743408,168.4,341.24,1.42
5200,1498.37,10.03806152,47.74169922,168.9,370.97,2.5
5200,1604.51,11.80308588,0,180.6,345.53,1.54
5200,1599.21,10.91376953,11.86573486,179.5,348.73,1.39
5200,1599.45,11.15576172,23.74515381,179.9,343.88,1.53
5200,1600.59,10.83137207,35.79702148,180.5,343.42,1.64
5200,1597.31,11.14626465,47.79655762,181,354.18,2.22
5200,1702.48,10.00649414,0,193.2,363.58,1.79
5200,1732.61,9.977112676,11.93636297,195.1,364.42,1.58
5200,1719.94,9.987455986,23.72398279,194.4,363.48,1.72
5200,1690.48,8.978295898,35.76922607,193.4,375.19,2.53
5200,1662.9,10.4795579,47.74350792,189.3,379.06,2.84
5600,1198.33,18.09763791,0,128.5,315.52,0.87
5600,1202.37,15.47189941,11.959021,128.9,327.32,1.02
5600,1202.33,16.50205399,23.80674149,129.5,324.25,0.91
5600,1198.6,16.37983398,35.73521729,129.8,321.84,1.09
5600,1197.34,16.72153756,47.77390209,130.5,320.86,1.11
5600,1299.6,17.2769464,0,141.1,332.38,0.92
5600,1299.83,14.69558105,12.06179199,140.8,341.96,1.07
5600,1297.9,14.97672144,23.76371772,141,339.74,1.3
5600,1298.36,13.15703125,35.81743164,142.4,352.32,1.6
5600,1301.78,13.81599667,47.84198944,143.3,353.03,1.63
5600,1402.45,13.99963322,0,152.8,348.21,1.36
5600,1400.84,13.98300781,11.84527588,152.6,345.44,1.67
5600,1402.85,13.5,23.7602455,153.2,347.22,1.14
5600,1398.56,13.49963322,35.80513987,154.4,339.75,1.4
5600,1401.55,13.9986084,47.84306641,155.9,346.84,1.58
5600,1501.55,13.88456084,0,164.8,350.72,1.27
5600,1497.85,13.02045898,11.934021,164.3,358.01,1.25
5600,1502.16,12.87539063,23.7623291,165.4,347.95,1.21
5600,1500.38,13.3105957,35.83203125,167,343.74,1.5
5600,1495.4,11.87075195,47.80057373,168.5,370.69,2.62
5600,1632.18,12.26968408,0,180.5,363.55,1.61
5600,1632.82,11.73505859,12.17884521,180.2,368.45,1.61
5600,1613.12,11.09311523,23.74313965,179.6,381.16,2.05
5600,1594.34,11.11396484,35.70379639,179.3,377.25,2.19
5600,1557.35,11.60092773,47.54663086,176.5,376.85,2.98
1200,97.67,27.83631651,0.048134292,3.8,1534.62,26.79
1200,166.32,26.5135221,0.044943271,12.2,608.19,0.96
1200,234.83,23.36196694,0.043231612,20.8,442.61,0.74
1200,308.04,21.48547363,0.042028809,29.9,370.71,0.7
1200,393.3,19.99645442,0.045224472,39.9,335.32,0.67
1200,484.13,18.73271484,0.049816895,51.6,300.61,0.61
1200,577.35,17.19378423,0.040456279,63.1,282.35,0.59
1200,648.14,15.75965865,0.034734448,71.3,275.72,0.58
1200,757.74,12.32651115,0.042632531,85.5,264.14,0.74
1200,833.85,9.847900391,0.07644043,94.5,260.38,0.75
1200,885.42,8.346419475,0.07895768,101.4,258.98,0.76
1200,934.01,7.560961914,0.080895996,106.2,261.85,0.73
1200,971.71,6.748361698,0.095559468,110.8,262.23,0.82
1200,1029.44,5.713964844,0.103845215,119.1,257.71,0.99
1200,1053.65,5.174267578,0.098388672,121.8,258.71,0.91
1200,1075.91,4.733349609,0.106591797,124.3,259.14,0.99
1200,1077.96,4.676171875,0.106616211,125,258.12,0.92
2000,95.51,32.0334018,0.011468114,2.1,2703.89,4.57
2000,140.37,30.52640845,0.021102308,8,838.01,1.7
2000,193.45,28.26706768,0.020087539,14.7,543.75,1.16
2000,250.71,26.11740723,0.022241211,21.9,428.97,1.16
2000,314.87,24.65563869,0.016590865,29.9,367.82,1.07
2000,382.63,23.251027,0.015747261,38.4,332.78,0.99
2000,538.42,20.93940728,0.009670872,58,294,0.64
2000,696.92,19.78036972,0.00506162,77.7,273.43,0.64
2000,847.24,15.83949531,0.006553208,96.3,260.9,0.6
2000,959.88,13.0791748,0.00682373,110.1,257.65,0.62
2000,1085.41,10.39487969,0.012959703,124.9,255.03,0.86
2000,1271.46,6.274902344,0.016040039,147.2,257.74,1.28
2000,1344.05,5.308881064,0.013913341,155.5,258.22,1.7
2000,1389.74,4.724691901,0.015062598,160.8,258.58,1.68
2000,1400.21,4.534838867,0.018078613,161.8,258.95,1.71
2000,1401.53,4.440454102,0.02076416,162.1,260.15,1.92
2000,1397.31,4.452124023,0.023815918,161.8,260.04,1.89
2800,137.66,32.18669434,0.068383789,6.1,1055.13,2.17
2800,186.56,30.74782034,0.069124706,12.6,615.34,1.62
2800,235.73,29.12878418,0.07142334,18.9,478.32,1.55
2800,354.73,24.60157473,0.062695618,33.8,356.69,1.17
2800,505.39,23.08619425,0.049381358,52.6,303.58,1.07
2800,689,21.12763672,0.036560059,75.1,274.18,0.92
2800,865.63,18.31806641,0.015100098,96.8,259.59,0.84
2800,993.04,15.5369873,0.000964355,112.3,256.83,1.04
2800,1228.85,10.24587402,0,140.1,258.3,1.52
2800,1353.08,8.112113654,0,154.5,262.35,2.06
2800,1435.43,6.590307617,9.77E-05,164,265.58,2.37
2800,1467.94,6.000927734,7.32E-05,167.9,267.02,2.46
2800,1475.61,5.938964844,9.77E-05,168.6,266.96,2.41
2800,1467.9,5.989192097,0.000354558,167.7,268.32,2.16
3600,117.74,30.44365234,0,1.3,4687.57,3.88
3600,159.92,29.93737793,0,6.9,1024.31,2.44
3600,203.78,29.23334961,0,12.4,658.91,1.85
3600,251.11,28.3905761,0,19,501.08,1.51
3600,310.68,27.2809082,0,26.2,422.4,1.38
3600,447.37,25.3555849,0,43.3,339.7,1.61
3600,628.84,23.10185547,0,66.2,294.58,1.07
3600,850.46,21.95461659,0,93.4,267.68,0.95
3600,1153.66,15.81157227,0.0125,130.5,258.01,1.34
3600,1350.06,12.46296387,0,154.4,257.12,1.92
3600,1538.6,9.591158059,0,178.5,277.07,1.17
3600,1592.93,8.954492188,0,184,277.99,1.37
3600,1619.12,8.377640845,0.000232297,187.4,286.64,1.42
3600,1614.11,8.392504883,0.00012207,187.6,285.93,1.4
4400,140.74,31.07404785,0,2.3,2907.66,3.59
4400,178.45,29.81677246,0,7.3,1035.01,3.09
4400,225.88,28.23891602,0,13.5,659.26,2.29
4400,280.61,27.35686035,0,20.5,507.69,2.18
4400,339.79,26.36514574,0,28.1,427.32,2.75
4400,415.9,25.62536678,0,37.6,374.98,1.46
4400,485.33,25.05778809,0,46.4,344.32,1.51
4400,558.93,24.44245605,0,55.2,322.49,1.42
4400,624.79,23.81882324,0,63.6,307.82,1.44
4400,689.14,23.50907179,0,71.6,295.99,1.3
4400,826.68,23.18691315,0,88.5,278.59,1.22
4400,1028.59,19.59418945,0,112.5,267.08,1.17
4400,1311.3,14.04000391,0,147.9,289.6,1.01
4400,1496.48,9.892825704,0,171.1,301.73,1.47
4400,1590.38,8.745989828,0,182.5,334.23,1.57
4400,1608.77,8.595874023,0,185.6,333.54,1.66
4400,1614.69,8.587109375,0,186.2,332.52,1.57
5600,231,29.33915297,0,10.1,925.2,2.56
5600,287.5,27.89030762,0,17.4,632.31,2.05
5600,345.22,26.29323161,0,24.5,508.38,1.88
5600,403.56,25.13359375,0,31.2,449.77,1.72
5600,459.24,25.24953613,0,38.4,403.31,1.74
5600,512.93,25.24106445,0,45.1,373.78,1.29
5600,633.57,24.43649902,0,59.8,334.76,1.39
5600,769.75,22.83823242,0,76.1,311.85,1.21
5600,926.62,21.44622946,0,96.1,321.65,0.84
5600,1050.78,20.28110329,0,110.9,313.84,0.77
5600,1152.6,19.26956182,0,123.3,320.73,0.87
5600,1331.46,16.1574707,0,144.7,329.65,0.93
5600,1432.15,15.41131162,0,155.5,343.47,1.66
5600,1496.15,13.79887695,0,164.6,367.27,1.33
5600,1545.07,13.0947998,0,170.4,369.62,1.36
5600,1551.1,12.97058105,0,171.1,372.61,1.36